1	1	7100.0002	2.23E-53	4.53E+00	0.0976	0.434	15473.1973	0.73	-0.01
1	1	7181.0097	2.24E-40	6.74E+00	0.0336	0.298	9703.9971	0.41	0
1	1	7181.011234	3.59E-36	5.24E+00	0.0585	0.352	7598.3501	0.18	-0.01
1	1	7181.0148	6.85E-40	3.56E-02	0.0155	0.183	8256.208	0.41	0
1	1	7181.01621	3.07E-24	9.27E-03	0.0943	0.434	285.2193	0.68	-0.01
1	1	7181.0174	5.68E-37	5.74E-02	0.0324	0.235	6946.4707	0.36	0
1	1	7181.019989	1.22E-23	2.04E+00	0.0405	0.352	1216.1898	0.46	-0.01
1	1	7181.0211	2.19E-38	2.29E-01	0.0748	0.371	7978.2402	0.6	0
1	1	7181.032657	8.62E-39	3.75E-02	0.086	0.371	7733.3032	0.62	-0.01
1	1	7181.0448	5.82E-33	1.67E-03	0.0322	0.298	4483.2686	0.41	0
1	1	7181.0529	5.30E-30	1.71E-03	0.0588	0.315	2841.552	0.45	0
1	1	7181.0618	6.38E-37	3.55E-03	0.0301	0.265	6288.7378	0.39	0
1	1	7181.0621	1.94E-36	3.59E-03	0.0313	0.265	6288.7378	0.39	0
1	1	7181.0735	5.58E-38	1.10E-02	0.087	0.391	7096.2744	0.68	0
1	1	7181.0752	3.44E-40	2.32E-02	0.0864	0.352	8331.5537	0.59	0
1	1	7181.082964	1.18E-25	8.25E-01	0.0388	0.298	2054.3687	0.15	-0.01
1	1	7181.095277	3.69E-23	2.05E+00	0.0442	0.352	1216.1945	0.46	-0.01
1	1	7181.108947	3.02E-24	6.60E-01	0.0546	0.315	1340.8849	0.18	-0.01
1	1	7181.113996	2.80E-38	7.61E-03	0.1025	0.456	6844.2354	0.73	0
1	1	7181.1152	8.58E-39	1.58E-02	0.0059	0.172	7601.4497	0.41	0
1	1	7181.118662	1.20E-28	2.18E-03	0.0731	0.352	2181.0898	0.62	0
1	1	7181.120504	2.20E-35	1.09E-03	0.0735	0.281	5524.5693	0.41	0
1	1	7181.121535	4.82E-31	8.98E-04	0.0123	0.183	3319.4478	0.41	0
1	1	7181.123198	7.77E-37	5.53E-01	0.0848	0.371	7424.8408	0.67	0
1	1	7181.1243	1.80E-40	5.03E-03	0.0265	0.221	8314.9629	0.36	0
1	1	7181.1337	2.61E-33	2.24E-03	0.0544	0.298	4669.7988	0.53	0
1	1	7181.1344	1.22E-37	4.41E-03	0.049	0.298	6900.0469	0.41	0
1	1	7181.138	5.14E-40	1.20E-02	0.0361	0.352	8168.8037	0.11	-0.01
1	1	7181.145883	1.96E-32	3.42E-03	0.0761	0.371	4292.9097	0.56	0
1	1	7181.1504	5.99E-40	1.10E+00	0.0563	0.208	9216.1152	0.41	-0.01
1	1	7181.15578	1.51E-20	1.33E+01	0.0997	0.488	136.7617	0.73	-0.01
1	1	7181.1561	7.35E-39	4.01E-01	0.0622	0.235	8227.0898	0.36	0
1	1	7181.159516	1.64E-37	4.11E-02	0.0528	0.412	6919.9414	0.69	-0.01
1	1	7181.1664	3.06E-36	8.77E-04	0.0379	0.25	5695.9536	0.37	0
1	1	7181.166916	4.29E-35	2.02E-01	0.0824	0.333	6215.1626	0.65	0
1	1	7181.1706	3.84E-38	1.61E-03	0.0227	0.25	6946.8145	0.37	0
1	1	7181.1724	1.28E-38	1.61E-03	0.0228	0.25	6946.8125	0.37	0
1	1	7181.1752	1.77E-37	4.80E-01	0.0179	0.183	7885.8472	0.41	0
1	1	7181.1806	7.57E-38	6.08E-02	0.0263	0.208	7599.1064	0.38	0
1	1	7181.182925	2.66E-40	2.05E-03	0.0081	0.131	7924.4497	0.41	0
1	1	7181.1844	6.96E-35	7.39E-04	0.033	0.298	5207.895	0.45	0
1	1	7181.190544	1.16E-34	6.87E-03	0.0162	0.265	5579.4897	0.39	-0.02
1	1	7181.196404	1.20E-32	2.61E-02	0.0593	0.352	4782.6621	0.56	-0.02
1	1	7181.2028	1.63E-35	1.25E-02	0.0794	0.333	5818.3228	0.53	0
1	1	7181.2172	1.08E-33	2.10E+00	0.012	0.221	6360.3301	0.36	0
1	1	7181.2173	3.60E-34	2.10E+00	0.012	0.221	6360.3301	0.36	0
1	1	7181.2205	1.25E-36	9.07E+00	0.0362	0.25	8038.0923	0.36	0
1	1	7181.2296	1.59E-36	1.07E-04	0.0283	0.195	5680.6509	0.41	0
1	1	7181.2337	3.38E-40	7.51E-02	0.0713	0.333	8406.6006	0.46	0
1	1	7181.2341	3.02E-34	1.37E+01	0.016	0.208	6807.4321	0.41	0
1	1	7181.25084	1.86E-30	3.13E+00	0.0392	0.315	4559.752	-0.07	-0.02
1	1	7181.258723	1.54E-37	6.95E-01	0.0814	0.371	7774.9976	0.51	-0.01
1	1	7181.270182	2.29E-37	6.66E-01	0.0912	0.456	7331.623	0.74	0
1	1	7181.271175	1.36E-40	5.95E-03	0.0538	0.298	8341.4092	0.23	-0.01
1	1	7181.277732	2.09E-37	5.65E-01	0.0846	0.434	7473.0615	0.65	-0.01
1	1	7181.282	1.74E-40	2.33E-01	0.0379	0.25	8870.5967	0.37	0
1	1	7181.29	4.05E-37	1.02E-01	0.0183	0.195	7396.5386	0.41	0
1	1	7181.2904	3.26E-40	4.03E-03	0.0629	0.352	8012.2441	0.59	-0.01
1	1	7181.298	3.42E-38	5.25E-01	0.0242	0.183	8242.4902	0.41	0
1	1	7181.3009	1.60E-40	6.73E-04	0.0637	0.352	7815.6748	0.53	-0.01
1	1	7181.302745	5.58E-30	3.14E+00	0.0417	0.315	4559.7075	-0.07	-0.01
1	4	7181.30622	6.33E-25	3.94E+00	0.0948	0.465	182.9835	0.73	0
1	1	7181.310639	3.40E-33	8.59E-01	0.0898	0.391	5761.0288	0.73	0
1	1	7181.318431	3.91E-25	2.04E-01	0.0689	0.298	1538.1495	0.41	-0.01
1	1	7181.324	6.11E-32	3.77E-02	0.0361	0.352	4579.1675	0.11	-0.01
1	1	7181.3301	1.41E-40	3.28E-02	0.0283	0.298	8684.9023	0.45	0
1	1	7181.3315	5.13E-32	3.60E-03	0.0542	0.195	4291.9434	0.41	-0.01
1	3	7181.33456	1.54E-26	4.00E+00	0.076	0.385	1128.938	0.47	-0.01
1	1	7181.336957	9.45E-37	3.54E-02	0.0088	0.172	6778.8223	0.41	-0.01
1	1	7181.3487	6.84E-40	4.04E+00	0.033	0.25	9416.96	0.36	0
1	1	7181.349989	3.85E-29	2.21E-02	0.0198	0.195	3291.1492	0.41	-0.01
1	1	7181.3546	1.70E-37	1.80E-02	0.0316	0.208	7182.3491	0.38	0
1	1	7181.3552	9.83E-40	1.78E-02	0.0075	0.15	8297.6084	0.41	0
1	1	7181.3552	3.28E-40	1.78E-02	0.0075	0.15	8297.6084	0.41	0
1	1	7181.359	1.33E-36	2.70E-02	0.0568	0.315	6537.0962	0.45	0
1	1	7181.3599	2.59E-36	3.25E-03	0.066	0.25	6241.6484	0.37	0
1	1	7181.3738	1.24E-37	1.21E-01	0.0217	0.221	7414.5747	0.36	0
1	1	7181.37443	7.05E-32	8.81E-02	0.0262	0.208	4847.6221	0.38	-0.02
1	1	7181.3796	3.85E-39	3.55E-01	0.0354	0.265	8546.5029	0.37	0
1	1	7181.382602	3.75E-39	1.05E-01	0.0877	0.391	7924.5977	0.74	-0.01
1	1	7181.4003	2.60E-35	1.65E-01	0.0386	0.25	6363.5713	0.36	0
1	1	7181.4092	3.55E-40	3.59E-01	0.0075	0.15	9134.9697	0.41	0
1	1	7181.4158	1.88E-40	1.31E-02	0.0338	0.352	8168.8018	0.11	0
1	1	7181.4193	2.06E-32	3.82E-02	0.0338	0.352	4579.0728	0.11	0
1	1	7181.4287	1.10E-35	4.27E-04	0.0164	0.183	5579.5137	0.41	0
1	1	7181.431655	3.63E-34	1.65E-04	0.0535	0.315	4559.7075	0.41	0
1	1	7181.4463	6.26E-40	5.49E-02	0.0395	0.315	8484.6162	0.45	0
1	1	7181.4468	7.80E-39	1.15E+00	0.0239	0.265	8401.4648	0.39	0
1	1	7181.4497	1.95E-35	4.20E-03	0.0966	0.412	5653.0259	0.78	-0.01
1	1	7181.4526	4.28E-37	4.70E-01	0.0075	0.161	7504.7183	0.41	0
1	1	7181.4567	9.51E-39	6.42E-02	0.016	0.235	7797.4351	0.36	0
1	1	7181.4573	2.85E-38	6.41E-02	0.0129	0.235	7797.4351	0.36	0
1	1	7181.458327	1.59E-29	3.47E-02	0.0213	0.195	3567.1738	0.41	-0.01
1	1	7181.4634	2.30E-38	1.13E+00	0.0243	0.265	8401.4648	0.39	0
1	1	7181.47209	2.63E-38	4.99E-01	0.0863	0.352	8125.813	0.69	0
1	1	7181.4739	8.34E-39	3.43E-01	0.0817	0.371	8004.3203	0.58	-0.01
1	1	7181.4771	2.53E-38	3.85E-01	0.0542	0.195	8003.2236	0.41	-0.01
1	1	7181.483397	7.09E-37	5.74E-03	0.0644	0.281	6592.187	0.36	-0.01
1	1	7181.483754	1.60E-38	1.97E+00	0.079	0.371	8485.6152	0.59	-0.02
1	1	7181.4847	2.14E-35	6.45E-01	0.0322	0.298	6617.9229	0.45	0
1	1	7181.4859	5.91E-38	1.69E-03	0.016	0.208	6912.4795	0.38	0
1	1	7181.4875	7.96E-38	7.38E-01	0.0704	0.315	8001.7959	0.6	0
1	1	7181.4892	3.03E-40	1.41E-02	0.0155	0.183	8256.208	0.41	0
1	1	7181.4909	1.82E-39	9.51E-02	0.0766	0.333	8334.9199	0.62	-0.01
1	1	7181.495173	1.90E-34	5.68E-03	0.0657	0.281	5439.0566	0.51	0
1	1	7181.496631	2.93E-29	1.23E+00	0.0628	0.195	4174.2876	0.35	0
1	1	7181.5035	2.58E-40	5.12E-01	0.0155	0.183	9027.3984	0.41	0
1	1	7181.511724	8.50E-32	1.01E-01	0.0657	0.352	4658.9746	0.47	-0.01
1	1	7181.519	2.15E-39	9.82E-03	0.0649	0.333	7807.1582	0.4	-0.02
1	1	7181.52111	8.19E-25	5.55E-03	0.0799	0.352	782.4098	0.7	0
1	1	7181.5267	9.48E-39	6.12E-03	0.0059	0.172	7601.4487	0.41	0
1	1	7181.534338	7.05E-40	1.30E-02	0.0501	0.333	7917.7227	0.49	-0.01
1	1	7181.5534	9.55E-40	4.38E+00	0.0075	0.172	9210.1455	0.41	0
1	1	7181.564	6.89E-40	8.07E-01	0.027	0.235	9097.8398	0.36	0
1	1	7181.5666	2.57E-39	2.91E-01	0.0502	0.315	8310.5615	0.45	0
1	1	7181.5792	1.93E-36	1.54E-01	0.0075	0.131	6983.4785	0.41	0
1	1	7181.5939	8.45E-38	1.26E-03	0.0791	0.298	6451.751	0.45	-0.01
1	1	7181.595572	8.53E-29	6.21E-03	0.0354	0.265	2813.5122	0.37	-0.02
1	1	7181.6073	1.50E-37	7.41E-02	0.0342	0.315	7193.4448	0.45	0
1	1	7181.6081	9.82E-34	3.82E-01	0.0372	0.281	5741.5767	0.41	0
1	1	7181.6081	1.77E-38	1.88E-03	0.0316	0.208	7182.3491	0.38	0
1	1	7181.6112	1.01E-40	1.47E-02	0.0075	0.172	8706.4307	0.41	0
1	1	7181.6151	1.80E-35	1.16E-03	0.0249	0.195	5469.251	0.41	0
1	1	7181.615693	7.59E-38	1.18E-01	0.0839	0.391	7556.3735	0.8	-0.01
1	1	7181.6166	3.14E-39	7.59E-04	0.0075	0.161	7193.3242	0.41	0
1	1	7181.6263	1.65E-38	3.08E+00	0.0541	0.221	8732.4453	0.38	-0.01
1	1	7181.6389	2.50E-33	6.52E-01	0.0741	0.333	5597.1343	0.56	-0.01
1	1	7181.665635	3.42E-39	3.60E-02	0.0288	0.281	8067.0469	0.03	-0.03
1	1	7181.6696	3.69E-40	8.46E-04	0.0075	0.141	7656.5083	0.41	0
1	1	7181.67167	1.38E-39	5.47E-02	0.0601	0.333	8052.1885	0.24	-0.01
1	1	7181.673422	2.95E-29	1.06E+00	0.0884	0.352	3967.4883	0.82	0
1	1	7181.673988	7.15E-33	2.08E-03	0.089	0.352	4368.6367	0.59	-0.02
1	1	7181.6759	1.42E-40	4.42E-02	0.0075	0.15	8901.4219	0.41	0
1	1	7181.6803	4.30E-37	3.43E-01	0.0554	0.265	7342.9712	0.37	0
1	1	7181.698782	4.86E-35	1.14E-01	0.0738	0.371	6022.7842	0.55	-0.01
1	1	7181.6991	2.76E-33	1.28E-04	0.0641	0.315	4068.7036	0.7	0
1	1	7181.7011	1.09E-39	3.06E-02	0.0075	0.161	8397.5645	0.41	0
1	1	7181.7011	3.63E-40	3.06E-02	0.0075	0.161	8397.5645	0.41	0
1	1	7181.7081	1.87E-35	7.08E-02	0.046	0.221	6510.29	0.38	0
1	1	7181.7121	5.39E-34	1.30E-02	0.0222	0.235	5457.377	0.36	0
1	1	7181.7192	1.04E-38	1.87E-01	0.0075	0.172	8285.9229	0.41	0
1	1	7181.7205	1.15E-38	3.78E-02	0.0244	0.235	7875.8506	0.36	0
1	1	7181.7266	1.81E-38	2.63E-01	0.0166	0.114	8297.7715	0.41	0
1	1	7181.737325	8.39E-37	2.03E-01	0.0918	0.412	7098.146	0.64	-0.01
1	1	7181.7418	2.34E-39	1.08E-02	0.0179	0.183	7779.7139	0.41	0
1	1	7181.744	8.60E-38	3.43E-01	0.077	0.333	7827.9717	0.68	0
1	1	7181.744293	6.66E-37	2.99E+00	0.0701	0.434	7472.9526	0.58	-0.01
1	1	7181.7484	1.15E-39	8.44E-02	0.0432	0.333	8428.0293	0.49	-0.01
1	1	7181.7627	1.28E-38	1.91E-02	0.0321	0.298	7647.0259	0.45	0
1	1	7181.7635	4.25E-39	1.91E-02	0.0325	0.298	7647.0254	0.45	0
1	1	7181.7663	4.16E-38	1.02E-01	0.0465	0.265	7800.7324	0.37	-0.01
1	1	7181.766635	3.19E-33	5.04E-02	0.0461	0.352	5020.0259	0.53	-0.01
1	1	7181.7695	3.78E-40	8.35E-02	0.0385	0.333	8428.0078	0.49	-0.01
1	1	7181.7748	7.27E-40	3.17E-02	0.0075	0.161	8488.0127	0.41	0
1	1	7181.77681	1.11E-40	1.10E-02	0.0484	0.315	8488.0293	0.45	-0.01
1	1	7181.7777	1.10E-40	3.60E-03	0.0075	0.161	8203.04	0.41	0
1	1	7181.7814	8.81E-34	1.34E+01	0.0214	0.208	6807.668	0.41	0
1	1	7181.78775	3.07E-28	1.10E-02	0.0729	0.352	2572.1392	0.58	-0.01
1	1	7181.7961	1.54E-39	1.04E+01	0.0075	0.15	9535.8984	0.41	0
1	1	7181.814075	1.27E-35	2.13E-02	0.0862	0.333	5979.7192	0.64	-0.01
1	1	7181.816997	7.09E-32	3.25E-01	0.0823	0.412	4902.1304	0.54	-0.01
1	1	7181.824	2.85E-40	1.51E-02	0.0228	0.221	8473.9277	0.38	0
1	1	7181.840976	1.68E-34	2.27E-01	0.0845	0.371	5910.3198	0.77	-0.01
1	1	7181.8454	1.03E-37	7.03E-03	0.0347	0.235	6865.7773	0.36	0
1	1	7181.861	1.17E-40	7.75E-02	0.0075	0.15	9038.6826	0.41	0
1	1	7181.8629	1.04E-36	4.60E-02	0.0357	0.235	6777.5483	0.36	0
1	1	7181.8698	1.02E-34	8.26E-04	0.0586	0.298	5171.0347	0.41	0
1	1	7181.87	2.77E-40	4.20E-01	0.066	0.25	9137.2773	0.36	0
1	1	7181.8727	1.55E-36	5.66E-02	0.0075	0.15	6804.4663	0.41	0
1	1	7181.8787	1.16E-39	8.90E-04	0.0075	0.141	7656.3145	0.41	0
1	1	7181.8806	3.95E-39	3.64E-02	0.0204	0.221	8101.3276	0.36	0
1	1	7181.8909	1.51E-32	1.49E-02	0.0172	0.195	4609.9751	0.41	0
1	1	7181.9239	2.20E-40	8.02E-04	0.0283	0.195	7708.9551	0.41	0
1	1	7181.929942	2.78E-30	9.29E-03	0.0451	0.221	3629.0964	-0.08	-0.01
1	1	7181.9316	8.71E-40	9.31E-01	0.0656	0.265	8824.54	0.37	0
1	1	7181.9325	3.86E-40	3.02E-03	0.0559	0.315	7966.6934	0.55	0
1	1	7181.934022	4.95E-31	6.10E+00	0.0988	0.48	4717.4741	0.75	0
1	1	7181.939403	1.03E-40	2.02E-03	0.0408	0.298	8176.4663	0.05	-0.02
1	1	7181.944122	1.80E-33	1.01E-03	0.077	0.352	4332.7739	0.56	0
1	1	7181.9501	1.02E-34	7.64E-03	0.049	0.315	5339.811	0.38	-0.02
1	1	7181.9503	1.20E-36	1.13E-01	0.0166	0.114	7026.7173	0.41	0
1	1	7181.9538	6.78E-39	1.69E+00	0.0075	0.141	8865.1504	0.41	0
1	1	7181.9563	2.28E-38	5.30E-02	0.0357	0.208	7604.1963	0.38	0
1	1	7181.9602	1.56E-38	2.59E-03	0.0449	0.265	7213.4888	0.39	0
1	1	7181.971115	9.18E-32	3.75E-02	0.0504	0.315	4268.2407	0.1	-0.02
1	1	7181.973863	6.88E-32	2.01E-02	0.0818	0.333	4173.2256	0.63	0
1	1	7181.9757	3.11E-40	7.02E-01	0.0075	0.161	9290.6855	0.41	0
1	1	7181.9786	3.01E-36	3.37E-04	0.0563	0.208	5546.877	0.38	-0.01
1	1	7181.979023	3.36E-28	8.52E-02	0.0342	0.235	3084.8357	-0.2	-0.02
1	1	7181.9967	2.87E-40	7.63E-02	0.0727	0.281	8731.5947	0.41	0
1	1	7181.9992	1.08E-39	4.29E-04	0.0075	0.131	7531.0225	0.41	0
1	1	7182.0045	1.24E-35	1.02E-02	0.0186	0.221	5970.1548	0.38	0
1	1	7182.027192	8.04E-39	3.03E-01	0.0464	0.315	8310.5586	0.15	-0.01
1	1	7182.0286	7.48E-38	6.41E-03	0.0124	0.281	6868.4268	0.39	0
1	1	7182.031947	2.05E-39	8.87E-03	0.0929	0.412	7732.3037	0.71	-0.01
1	1	7182.03351	1.98E-31	1.65E-01	0.0563	0.315	4436.9404	0.21	-0.02
1	1	7182.034036	1.95E-37	1.23E-03	0.0101	0.15	6660.3579	0.41	0
1	1	7182.041111	4.50E-33	1.54E-02	0.0203	0.183	4865.2271	0.41	0
1	1	7182.0438	1.85E-39	4.83E-02	0.0075	0.172	8362.0029	0.41	0
1	1	7182.0454	1.19E-39	2.03E-02	0.0075	0.123	8095.6318	0.41	0
1	1	7182.0459	3.78E-40	1.75E-01	0.0557	0.221	8693.3018	0.38	0
1	1	7182.0552	4.49E-37	1.51E+00	0.066	0.25	7879.8252	0.36	0
1	1	7182.057321	1.52E-35	1.94E+00	0.071	0.391	7041.9937	0.54	-0.01
1	1	7182.0646	2.61E-40	1.17E-03	0.0075	0.15	8010.332	0.41	0
1	1	7182.0674	3.05E-37	3.34E-02	0.012	0.265	7144.9731	0.39	0
1	1	7182.0674	1.02E-37	3.34E-02	0.012	0.265	7144.9731	0.39	0
1	1	7182.0733	1.35E-40	1.16E+00	0.0656	0.265	9464.7217	0.39	0
1	1	7182.0822	8.91E-40	3.54E-02	0.0176	0.298	8114.2095	0.41	0
1	1	7182.085	4.22E-40	2.26E-02	0.0075	0.123	8557.877	0.41	0
1	2	7182.09353	9.08E-24	1.45E+01	0.103	0.435	69.9274	0.73	-0.01
1	1	7182.1037	6.43E-36	5.09E-01	0.0215	0.208	7135.2661	0.38	0
1	1	7182.1164	7.30E-40	2.54E-01	0.047	0.315	8747.1748	0.49	0
1	1	7182.123603	2.99E-40	2.16E+00	0.0896	0.412	9033.0215	0.73	0
1	1	7182.1262	1.16E-40	3.51E-02	0.0771	0.315	8492.6914	0.49	-0.01
1	1	7182.1338	1.49E-40	4.37E-02	0.0075	0.123	8898.5449	0.41	0
1	1	7182.142742	1.57E-36	3.66E+00	0.0902	0.391	7564.6724	0.73	0
1	1	7182.150751	4.74E-36	2.08E-03	0.0813	0.371	5874.7466	0.64	0
1	1	7182.150825	2.55E-26	2.35E-02	0.0791	0.298	1616.4531	0.45	-0.01
1	1	7182.1524	3.07E-34	7.63E-03	0.046	0.315	5339.6089	0.37	-0.02
1	1	7182.15573	1.37E-23	1.82E-02	0.0894	0.412	382.5169	0.69	-0.01
1	1	7182.156077	1.15E-36	8.03E+00	0.0875	0.391	7563.9458	0.58	-0.01
1	1	7182.1573	5.42E-36	1.84E-02	0.022	0.221	6474.7173	0.36	0
1	1	7182.158947	7.76E-27	4.85E-02	0.0489	0.265	2275.3728	0.39	-0.01
1	1	7182.1621	2.17E-38	7.64E-01	0.0208	0.195	8413.2471	0.41	0
1	1	7182.1633	1.43E-40	1.06E-01	0.0176	0.25	8990.416	0.36	0
1	1	7182.17513	6.12E-33	1.98E-02	0.0773	0.315	4717.1045	0.49	-0.01
1	1	7182.186998	7.65E-35	1.54E-02	0.0919	0.412	5453.5703	0.73	0
1	1	7182.1926	1.95E-34	6.73E-04	0.0148	0.195	5069.9551	0.41	0
1	1	7182.1948	1.66E-39	1.39E-02	0.0362	0.25	8038.0923	0.37	0
1	1	7182.1974	3.80E-38	5.35E-02	0.0132	0.25	7460.2339	0.37	0
1	1	7182.1974	1.14E-37	5.35E-02	0.0132	0.25	7460.2339	0.37	0
1	1	7182.20911	1.54E-21	1.43E+00	0.107	0.375	42.3717	0.7	-0.01
1	1	7182.2144	3.24E-39	3.59E-01	0.0884	0.352	8463.3076	0.82	0
1	1	7182.2161	6.50E-35	6.74E-04	0.0208	0.195	5069.9341	0.41	0
1	1	7182.2267	1.50E-35	1.01E-01	0.0706	0.298	6309.3096	0.45	0
1	1	7182.2394	8.67E-39	4.68E-01	0.0075	0.172	8285.8643	0.41	0
1	1	7182.2425	7.22E-38	9.86E-02	0.0621	0.352	7358.6455	0.32	-0.01
1	1	7182.2778	7.04E-36	4.45E-02	0.0305	0.221	6362.6938	0.36	0
1	1	7182.287	4.76E-40	1.33E-03	0.0075	0.161	7696.4683	0.41	0
1	1	7182.28718	3.36E-39	5.76E-01	0.0523	0.315	8375.6738	0.34	-0.01
1	1	7182.2946	1.01E-40	9.07E-04	0.0075	0.131	8181.6172	0.41	0
1	1	7182.329915	9.40E-38	2.66E-01	0.1043	0.456	7377.9771	0.76	-0.01
1	1	7182.3419	1.38E-37	1.13E+00	0.0075	0.172	7906.7354	0.41	0
1	1	7182.342149	1.27E-27	1.02E-04	0.0262	0.298	1114.5322	0.45	-0.01
1	1	7182.3426	3.01E-36	1.21E-04	0.0316	0.25	5534.0093	0.37	0
1	1	7182.3456	7.91E-40	1.19E-01	0.0477	0.298	8614.0801	0.41	0
1	1	7182.3459	7.00E-38	9.27E-01	0.0171	0.298	8114.2095	0.41	0
1	1	7182.348	3.41E-40	6.75E-02	0.0155	0.183	8768.7695	0.41	0
1	1	7182.3501	9.88E-40	6.36E-01	0.0241	0.208	8987.5488	0.38	0
1	1	7182.3501	3.29E-40	6.36E-01	0.0241	0.208	8987.5479	0.38	0
1	1	7182.3537	1.64E-40	4.88E-04	0.0187	0.208	7869.043	0.38	0
1	1	7182.3559	2.25E-38	8.92E-01	0.0176	0.298	8114.2095	0.41	0
1	1	7182.3695	3.04E-36	9.56E-02	0.0166	0.114	7026.7163	0.41	0
1	1	7182.3791	1.14E-33	1.50E-02	0.0086	0.281	5061.9346	0.39	0
1	1	7182.382	7.15E-38	5.97E-01	0.0394	0.25	7840.9355	0.36	0
1	1	7182.391571	1.22E-34	4.33E-02	0.0662	0.25	5965.4751	0.46	-0.01
1	1	7182.3951	1.21E-35	4.94E-03	0.0744	0.333	5712.835	0.62	-0.01
1	1	7182.3963	4.27E-38	2.56E-02	0.0292	0.195	7349.0874	0.41	0
1	1	7182.398108	2.76E-29	9.93E-01	0.0911	0.371	3713.0825	0.77	0
1	1	7182.4102	2.71E-39	7.48E-02	0.0075	0.141	8168.5039	0.41	0
1	1	7182.4174	2.13E-33	6.55E-01	0.0075	0.161	5812.1353	0.41	0
1	1	7182.4241	5.58E-40	1.41E-02	0.0338	0.25	8037.8613	0.37	0
1	1	7182.425	1.90E-40	1.96E-01	0.0155	0.107	9174.1191	0.41	0
1	1	7182.42821	4.20E-30	5.91E-02	0.0558	0.25	3654.2151	0.46	-0.02
1	1	7182.4407	1.16E-32	1.61E+00	0.0201	0.221	5817.2319	0.36	0
1	1	7182.445636	2.07E-36	3.10E+00	0.0709	0.434	7473.0615	0.61	-0.01
1	1	7182.4461	3.45E-39	1.38E-02	0.0166	0.114	8031.1821	0.41	0
1	1	7182.45123	1.57E-24	3.98E-02	0.0816	0.315	1079.0796	0.49	-0.01
1	1	7182.4516	4.99E-40	9.89E-02	0.0541	0.221	8732.4453	0.36	-0.01
1	1	7182.454415	1.22E-31	1.34E-02	0.0648	0.333	4224.5864	0.31	-0.01
1	1	7182.4547	3.86E-33	1.61E+00	0.02	0.221	5817.2153	0.36	0
1	1	7182.4564	1.94E-39	4.49E-02	0.0984	0.315	7963.5068	0.49	-0.01
1	1	7182.4597	4.50E-35	9.98E-01	0.0075	0.141	6937.3862	0.41	0
1	1	7182.467054	1.23E-39	3.85E-03	0.057	0.298	7778.0005	0.16	-0.02
1	1	7182.4686	1.20E-37	1.26E-02	0.0075	0.172	6990.165	0.41	0
1	1	7182.4762	3.73E-40	5.80E-02	0.0336	0.265	8653.8105	0.37	0
1	1	7182.478823	9.28E-35	2.65E-01	0.0741	0.352	6063.3838	0.49	-0.02
1	1	7182.480991	7.76E-28	2.15E-05	0.0756	0.352	816.6942	0.75	0
1	1	7182.497161	6.17E-40	7.64E-03	0.0769	0.298	8081.6685	0.45	-0.01
1	1	7182.4994	4.57E-37	7.54E-02	0.0431	0.315	7193.4404	0.45	0
1	1	7182.5024	6.39E-35	2.86E-02	0.0656	0.265	6013.5132	0.39	0
1	1	7182.505081	3.03E-28	7.44E-03	0.0248	0.221	2631.2688	0.38	-0.01
1	1	7182.5093	2.24E-38	1.21E-01	0.0439	0.25	7751.3496	0.36	0
1	1	7182.5106	2.52E-36	2.45E-03	0.0822	0.371	5841.2041	0.77	0
1	1	7182.5171	1.89E-34	1.91E-01	0.023	0.221	6238.1982	0.38	0
1	1	7182.52061	2.68E-27	1.64E-01	0.0301	0.298	2705.1396	-0.2	-0.01
1	1	7182.52338	1.03E-26	7.61E-01	0.0101	0.221	2631.2837	0.38	-0.01
1	1	7182.52922	3.23E-25	2.80E+00	0.091	0.412	1922.9011	0.73	0
1	1	7182.530786	5.78E-31	2.77E-02	0.0231	0.235	3922.3308	0.36	-0.02
1	1	7182.530852	1.73E-30	2.77E-02	0.0231	0.235	3922.3308	0.36	-0.02
1	1	7182.5312	1.24E-34	1.66E-01	0.0408	0.281	6013.4756	0.39	0
1	1	7182.5317	9.46E-30	9.63E-02	0.038	0.265	3587.7666	0.39	0
1	1	7182.558395	2.94E-37	1.24E-01	0.0372	0.195	7503.0728	0.2	-0.01
1	1	7182.5737	4.26E-39	4.47E-02	0.0656	0.315	8027.0342	0.22	-0.02
1	1	7182.5745	1.10E-36	8.58E-02	0.0336	0.265	7091.8052	0.37	0
1	1	7182.5774	1.12E-39	9.05E-02	0.0289	0.315	8241.8242	0.45	0
1	1	7182.581	4.09E-32	4.65E+00	0.0449	0.281	5505.7783	0.39	0
1	1	7182.5881	7.42E-38	3.66E-03	0.0116	0.183	6846.2104	0.41	0
1	1	7182.5964	1.48E-39	5.92E-01	0.0075	0.172	8934.8906	0.41	0
1	1	7182.60344	8.42E-38	4.44E-02	0.0861	0.412	7299.4609	0.71	-0.01
1	1	7182.611003	4.58E-32	1.91E-01	0.0652	0.281	5034.3872	0.41	-0.01
1	1	7182.6262	3.12E-40	1.62E-01	0.023	0.221	8916.6357	0.36	0
1	1	7182.6303	1.27E-39	2.79E-04	0.0075	0.141	7399.1846	0.41	0
1	1	7182.6327	1.29E-38	1.36E-02	0.0075	0.123	7757.3276	0.41	0
1	1	7182.633965	2.05E-39	1.87E-02	0.0857	0.412	7660.3203	0.61	0
1	1	7182.643739	1.27E-36	5.82E-03	0.0851	0.315	6411.8755	0.49	-0.01
1	1	7182.65505	8.98E-28	1.65E-01	0.0288	0.298	2705.0967	-0.2	-0.01
1	1	7182.6599	1.53E-40	4.30E-01	0.0652	0.281	9007.8691	0.39	0
1	1	7182.6608	1.56E-35	9.12E-03	0.0445	0.265	5841.8545	0.39	0
1	1	7182.668	3.59E-37	1.44E+00	0.0383	0.333	7602.4404	-0.07	-0.01
1	1	7182.6848	3.78E-34	1.69E-01	0.0372	0.281	6013.3306	0.39	0
1	1	7182.69426	4.80E-37	1.50E-02	0.0807	0.315	6624.5537	0.7	-0.01
1	1	7182.7024	5.51E-32	1.32E+00	0.0075	0.172	5276.771	0.41	0
1	1	7182.7045	3.88E-36	6.34E-02	0.0512	0.333	6471.2217	0.25	-0.01
1	1	7182.712537	2.50E-33	9.15E-02	0.0839	0.391	5138.188	0.61	-0.01
1	1	7182.7136	1.30E-40	3.00E+00	0.0229	0.183	9759.0684	0.41	0.01
1	1	7182.71945	5.29E-36	5.17E-01	0.095	0.456	6859.374	0.79	0
1	1	7182.720402	2.17E-33	2.01E-01	0.0922	0.391	5554.834	0.7	0
1	1	7182.721	3.66E-39	2.96E-01	0.0586	0.298	8241.6807	0.45	0
1	1	7182.7249	1.28E-39	1.00E-02	0.0424	0.265	7797.3291	0.39	0
1	1	7182.7305	3.25E-39	1.12E-01	0.0324	0.235	8372.6973	0.36	0
1	1	7182.732796	2.96E-35	4.37E-02	0.0869	0.315	6202.4282	0.62	-0.02
1	1	7182.734	1.15E-40	3.09E-02	0.0075	0.161	8853.2617	0.41	0
1	1	7182.7354	1.50E-36	6.69E-01	0.099	0.456	6876.7603	0.77	0
1	1	7182.73934	1.37E-29	1.40E-01	0.1012	0.504	3151.6299	0.81	0
1	1	7182.7429	2.77E-38	6.46E-03	0.0448	0.298	7244.0425	0.27	-0.02
1	1	7182.745758	7.70E-28	1.56E-02	0.0634	0.25	2533.7932	0.4	-0.01
1	1	7182.7514	3.26E-38	9.76E-03	0.0155	0.183	7443.4678	0.41	0
1	1	7182.7514	1.09E-38	9.76E-03	0.0155	0.183	7443.4678	0.41	0
1	1	7182.8072	4.02E-35	1.15E+00	0.0146	0.281	6868.4268	0.39	0
1	1	7182.8111	4.25E-37	1.62E-03	0.033	0.298	6436.5352	0.41	0
1	1	7182.8119	1.33E-35	1.14E+00	0.0124	0.281	6868.4268	0.39	0
1	1	7182.8236	2.76E-38	2.38E+00	0.0075	0.172	8618.9688	0.41	0
1	1	7182.8275	6.80E-38	4.45E-04	0.0155	0.183	6408.5996	0.41	0
1	1	7182.82762	2.68E-34	3.86E-03	0.0226	0.265	5289.1519	0.39	-0.02
1	1	7182.8324	4.76E-38	5.67E-03	0.0488	0.298	6900.4292	0.45	0
1	1	7182.8409	1.35E-34	1.47E+01	0.0142	0.183	7234.8911	0.41	0
1	1	7182.843578	5.42E-34	3.35E-04	0.0734	0.352	4553.2734	0.59	0
1	1	7182.8472	4.40E-40	5.97E-03	0.012	0.221	8193.6807	0.38	0
1	1	7182.8476	7.96E-40	3.22E-01	0.0741	0.333	8529.6025	0.56	-0.01
1	1	7182.8532	6.65E-40	2.26E+00	0.0554	0.265	9288.4473	0.37	0
1	1	7182.8734	7.71E-33	6.72E-01	0.0657	0.265	5450.9482	0.39	0
1	1	7182.8749	3.00E-34	7.45E-04	0.0075	0.15	4820.394	0.41	0
1	1	7182.8762	4.52E-35	1.47E+01	0.0116	0.183	7234.8887	0.41	0
1	1	7182.882107	2.35E-35	5.25E-02	0.0101	0.15	6465.2305	0.41	0
1	1	7182.8857	1.61E-36	4.17E+00	0.0542	0.195	7876.5889	0.41	-0.01
1	1	7182.8894	7.38E-37	8.71E-02	0.029	0.208	7229.3711	0.41	0
1	1	7182.891626	1.80E-36	4.22E+00	0.0846	0.391	7564.6724	0.52	-0.01
1	1	7182.8975	6.84E-39	4.01E-01	0.0075	0.172	8529.1406	0.41	0
1	1	7182.907943	3.36E-37	3.27E-04	0.0434	0.371	6068.4956	0.59	-0.01
1	1	7182.9105	3.20E-39	4.14E-01	0.0075	0.161	8702.2705	0.41	0
1	1	7182.9246	4.76E-40	1.50E-03	0.0321	0.298	7593.4453	0.41	0
1	1	7182.9251	1.43E-39	1.50E-03	0.0325	0.298	7593.4448	0.41	0
1	1	7182.927995	2.97E-33	7.26E-02	0.0691	0.281	5153.5347	0.61	-0.01
1	1	7182.94962	3.75E-21	1.02E+01	0.097	0.51	142.2785	0.75	0
1	1	7182.951307	9.84E-39	1.03E-02	0.0779	0.333	7503.8716	0.73	-0.01
1	1	7182.9568	5.86E-40	1.33E+00	0.0155	0.183	9281.7939	0.41	0
1	1	7182.96233	1.10E-32	2.26E-02	0.0511	0.281	4905.6533	0.39	-0.02
1	1	7182.9692	6.92E-35	1.12E-01	0.0465	0.265	6051.3301	0.39	-0.01
1	1	7182.974701	9.20E-33	4.84E-02	0.0332	0.352	5020.0259	0.53	-0.01
1	1	7182.9991	7.53E-37	2.29E-04	0.0657	0.265	5933.5483	0.39	0
1	1	7183.01579	4.12E-22	3.60E-01	0.101	0.492	134.9016	0.73	-0.01
1	1	7183.0224	5.59E-35	6.64E-02	0.0337	0.235	6229.9834	0.36	0
1	1	7183.0368	8.39E-38	9.18E-04	0.0238	0.221	6475.4634	0.36	0
1	1	7183.03866	1.13E-37	1.20E+00	0.0902	0.333	7779.4131	0.79	0
1	1	7183.0387	1.10E-40	2.51E-02	0.0758	0.298	8455.9424	0.45	0
1	1	7183.0411	1.51E-39	1.27E+00	0.0242	0.235	8790.5605	0.36	0
1	1	7183.0531	2.45E-35	1.91E-01	0.0747	0.391	6466.5142	0.41	0
1	1	7183.076989	2.24E-28	1.85E-02	0.0408	0.265	2613.1047	0.37	-0.02
1	1	7183.0877	1.04E-38	1.08E-01	0.0155	0.183	8172.6807	0.41	0
1	1	7183.09146	8.61E-38	6.97E-01	0.0859	0.434	7472.9526	0.68	0
1	1	7183.094512	2.27E-36	1.98E-01	0.0625	0.298	7080.4434	0.3	-0.02
1	1	7183.0954	5.94E-36	2.79E-02	0.0172	0.195	6352.0415	0.41	0
1	1	7183.098	3.46E-39	1.08E-01	0.0155	0.183	8172.6802	0.41	0
1	1	7183.1	1.43E-34	1.55E-01	0.0449	0.265	5984.6885	0.37	0
1	1	7183.119	4.65E-39	4.19E-01	0.029	0.208	8583.1465	0.38	0
1	1	7183.1192	5.76E-39	1.22E-03	0.0028	0.161	7145.8677	0.41	0
1	1	7183.1199	8.54E-36	5.30E-03	0.0449	0.195	5911.7402	0.41	0.01
1	1	7183.1285	4.53E-39	1.27E+00	0.0242	0.235	8790.4873	0.36	0
1	1	7183.1339	9.24E-39	1.46E+00	0.0032	0.235	8446.3506	0.36	0
1	1	7183.1339	2.77E-38	1.46E+00	0.0032	0.235	8446.3506	0.36	0
1	1	7183.1341	4.95E-38	2.82E+00	0.046	0.221	8488.8691	0.38	0
1	1	7183.148	1.03E-39	8.13E-02	0.0631	0.333	8216.2559	0.49	-0.01
1	1	7183.15123	4.25E-34	1.05E-01	0.017	0.172	5970.9297	0.41	-0.02
1	1	7183.1607	2.43E-40	7.23E-03	0.0624	0.371	7967.3516	0.34	-0.01
1	1	7183.166591	1.02E-33	1.00E-03	0.0743	0.352	4448.9707	0.53	0
1	1	7183.1701	2.32E-39	2.26E-03	0.0075	0.172	7469.6641	0.41	0
1	1	7183.184856	3.71E-30	6.34E-04	0.0434	0.315	2690.5935	0.12	0
1	1	7183.187846	1.98E-36	9.44E-03	0.0644	0.315	6194.9751	0.32	-0.02
1	1	7183.1971	9.24E-39	6.45E-03	0.0434	0.298	7243.5884	0.26	-0.02
1	1	7183.1998	1.24E-37	8.09E-03	0.0706	0.298	6776.8057	0.45	0
1	1	7183.2128	1.26E-37	1.94E-01	0.0162	0.183	7780.415	0.41	0
1	1	7183.21506	2.12E-38	2.18E-02	0.0459	0.315	7322.5352	0.12	-0.02
1	1	7183.21845	7.67E-25	1.13E-01	0.0741	0.315	1216.2313	0.48	-0.01
1	1	7183.2216	1.03E-40	3.12E-01	0.0075	0.15	9134.9502	0.41	0
1	1	7183.22262	3.36E-32	3.31E-03	0.0623	0.333	4224.5864	0.46	-0.01
1	1	7183.2238	2.60E-36	8.84E-05	0.0075	0.141	5604.0806	0.41	0
1	1	7183.228978	3.43E-39	2.24E-02	0.078	0.352	7880.5039	0.7	0
1	1	7183.2342	3.99E-37	9.06E-01	0.0336	0.298	7525.5977	0.41	0
1	1	7183.2377	1.38E-39	1.25E-01	0.0075	0.161	8628.625	0.41	0
1	1	7183.24088	8.56E-36	3.31E-02	0.0652	0.315	6194.9751	0.42	-0.02
1	1	7183.2485	7.10E-39	4.37E-02	0.0187	0.208	7792.0762	0.38	0
1	1	7183.256	7.45E-40	4.70E-01	0.0367	0.333	8644.083	0.49	-0.01
1	1	7183.261423	4.98E-38	1.23E-01	0.0433	0.333	7503.3516	-0.08	-0.02
1	1	7183.2656	2.28E-37	1.55E-01	0.0494	0.208	7350.9004	0.38	0
1	1	7183.27243	6.66E-24	3.06E+00	0.0562	0.395	1718.7188	0.42	-0.01
1	1	7183.2831	1.94E-36	1.48E+00	0.0249	0.195	7397.98	0.41	0
1	1	7183.2869	1.26E-39	5.92E+00	0.0981	0.456	8903.6035	0.7	0
1	1	7183.2925	3.68E-40	4.96E+00	0.0677	0.333	9499.6992	0.49	0
1	1	7183.295997	1.35E-37	1.11E-01	0.0434	0.333	7503.8716	-0.07	-0.02
1	1	7183.29706	3.90E-34	2.61E-02	0.0288	0.315	5586.5908	-0.05	-0.01
1	1	7183.301705	3.00E-34	2.47E-02	0.0852	0.434	5454.5962	0.77	0
1	1	7183.312391	2.66E-31	1.11E+01	0.0806	0.281	5524.5693	0.54	-0.02
1	1	7183.318	1.32E-39	2.54E-01	0.0166	0.114	8837.2051	0.41	0
1	1	7183.3208	3.32E-40	7.22E-04	0.0155	0.107	7914.4307	0.41	0
1	1	7183.322	2.25E-39	4.73E-01	0.0442	0.333	8644.083	0.49	-0.01
1	1	7183.3301	8.24E-38	5.17E-04	0.0157	0.208	6374.9014	0.38	0
1	1	7183.3327	2.31E-29	1.26E+00	0.059	0.25	4174.1699	0.37	0
1	1	7183.34824	5.30E-35	2.76E-02	0.0886	0.371	5939.3359	0.71	-0.01
1	1	7183.3547	8.41E-40	5.24E-04	0.0563	0.208	7559.5181	0.38	-0.01
1	1	7183.355939	3.64E-29	1.19E+00	0.0721	0.265	3843.4104	0.37	-0.02
1	1	7183.35933	2.56E-33	3.33E-01	0.0362	0.281	5741.4268	0.19	-0.02
1	1	7183.3601	1.42E-39	1.56E-01	0.0758	0.298	8549.2842	0.41	0
1	2	7183.3635	7.06E-25	4.81E+00	0.087	0.404	925.6997	0.43	-0.01
1	1	7183.370365	2.73E-35	4.63E-02	0.0825	0.391	5851.2681	0.76	-0.01
1	1	7183.3709	5.79E-34	1.40E-02	0.0706	0.298	5169.1548	0.41	0
1	1	7183.377203	4.23E-36	3.24E+00	0.0936	0.412	7057.1182	0.75	0
1	1	7183.379	1.69E-40	5.89E-03	0.0125	0.265	8312.9766	0.39	0
1	1	7183.386262	3.97E-31	1.11E-01	0.0204	0.208	4564.1099	0.24	-0.01
1	1	7183.391408	2.13E-30	2.87E+00	0.0717	0.352	4457.8188	0.46	-0.01
1	1	7183.408	1.04E-40	1.42E-03	0.0075	0.15	8022.8086	0.41	0
1	1	7183.4087	3.61E-39	4.60E-04	0.0125	0.265	7191.8726	0.37	0
1	1	7183.427423	4.26E-31	1.11E+00	0.0807	0.315	4918.2349	0.7	-0.01
1	1	7183.4307	1.33E-38	8.65E-01	0.0155	0.183	8312.9414	0.41	0
1	1	7183.4325	3.04E-33	2.98E-03	0.0075	0.172	4608.4336	0.41	0
1	1	7183.44	4.39E-40	1.13E-01	0.0155	0.183	8832.9795	0.41	0
1	1	7183.4504	9.69E-37	8.03E+00	0.0395	0.315	7773.1758	0.45	0
1	1	7183.4671	3.02E-40	8.28E-03	0.0075	0.172	8362.0029	0.41	0
1	1	7183.47189	2.41E-39	7.66E-02	0.051	0.281	8068.2002	0.56	0
1	1	7183.4805	8.30E-38	1.61E-04	0.0362	0.25	6346.0869	0.36	0
1	1	7183.4915	3.97E-34	5.41E-03	0.0508	0.298	5238.5508	0.45	-0.01
1	1	7183.5338	1.17E-40	5.79E-03	0.0032	0.235	8446.3506	0.36	0
1	3	7183.53481	1.18E-25	8.07E+00	0.0575	0.32	1055.2551	0.25	-0.01
1	1	7183.541772	2.68E-33	1.33E-04	0.0408	0.265	4123.2852	0.11	-0.02
1	1	7183.5434	1.91E-32	3.33E-02	0.0295	0.25	4872.1221	0.37	0
1	1	7183.5536	7.32E-39	7.38E-02	0.0075	0.172	8166.6201	0.41	0
1	1	7183.554571	3.05E-32	4.52E-01	0.076	0.298	5069.0884	0.41	0
1	1	7183.5551	6.49E-39	5.78E-01	0.0119	0.08	8713.4834	0.41	0
1	1	7183.5607	5.48E-40	5.32E-02	0.0557	0.221	8598.2139	0.38	0
1	1	7183.572873	7.91E-26	5.21E-03	0.0794	0.333	1050.1577	0.53	0
1	1	7183.574021	3.20E-26	7.86E-01	0.0103	0.221	2631.2688	0.38	-0.02
1	1	7183.5744	6.37E-33	3.33E-02	0.0277	0.25	4872.0913	0.37	0
1	1	7183.5799	1.71E-38	3.86E-02	0.0292	0.195	7610.2861	0.41	0
1	1	7183.5823	1.37E-38	4.53E-01	0.0075	0.172	8185.6841	0.41	0
1	1	7183.584	1.92E-36	6.03E-03	0.0357	0.235	6445.1909	0.36	0
1	2	7183.58578	6.33E-24	2.31E+01	0.054	0.32	733.6829	0.34	-0.01
1	1	7183.587575	7.39E-34	7.94E-02	0.0843	0.412	5550.6714	0.57	0
1	1	7183.58862	1.77E-40	4.76E-01	0.0876	0.434	9014.0215	0.7	0
1	1	7183.5907	1.35E-40	3.17E-04	0.0075	0.141	7904.8755	0.41	0
1	1	7183.5918	2.73E-38	1.80E-03	0.0914	0.434	6604.2388	0.81	0
1	1	7183.59719	5.44E-38	1.30E-01	0.0923	0.434	7517.4902	0.72	-0.01
1	1	7183.5985	4.68E-29	6.22E-03	0.0347	0.235	2739.3877	0.36	0
1	1	7183.6066	2.76E-39	2.65E-01	0.0148	0.195	8608.1572	0.41	0
1	1	7183.6209	9.20E-40	2.65E-01	0.0208	0.195	8608.1426	0.41	0
1	1	7183.634302	3.61E-36	6.08E-03	0.0529	0.315	6003.4512	0.24	-0.02
1	1	7183.6394	2.10E-35	2.88E-03	0.023	0.221	5827.3408	0.38	0
1	1	7183.6408	4.95E-39	1.34E-02	0.0588	0.315	7542.7446	0.45	0
1	1	7183.6413	2.32E-36	4.51E-03	0.0265	0.221	6345.9263	0.36	0
1	1	7183.6427	2.04E-38	3.01E+00	0.0652	0.281	8627.4014	0.39	0
1	1	7183.6601	2.12E-39	5.66E-01	0.0119	0.08	8713.4834	0.41	0
1	1	7183.660147	1.36E-35	5.30E-04	0.0914	0.412	5342.187	0.73	-0.02
1	1	7183.6621	2.60E-39	1.40E-02	0.0439	0.25	7751.3496	0.36	0
1	1	7183.6626	1.01E-36	1.35E-03	0.0335	0.183	6330.5537	0.41	0.01
1	1	7183.6705	3.53E-38	1.14E-01	0.0175	0.221	7897.876	0.38	0
1	1	7183.6858	3.67E-24	5.66E-02	0.0888	0.455	661.5489	0.7	-0.01
1	1	7183.701152	5.07E-33	1.96E-04	0.09	0.412	3877.5752	0.75	0
1	1	7183.7059	4.04E-33	1.57E-01	0.0164	0.183	5579.5137	0.41	0
1	1	7183.711293	2.88E-35	1.24E-02	0.0856	0.371	5673.4585	0.59	0
1	1	7183.7163	1.19E-38	1.15E-01	0.0158	0.221	7897.875	0.38	0
1	1	7183.721084	2.11E-35	2.75E-02	0.0292	0.235	6263.6992	0.55	-0.02
1	1	7183.7301	1.06E-37	5.61E-02	0.0325	0.298	7451.4448	0.41	0
1	3	7183.73545	1.19E-24	1.15E+01	0.1	0.47	94.9706	0.7	0
1	1	7183.7396	1.91E-40	1.31E+00	0.0155	0.183	9281.7969	0.41	0
1	1	7183.745856	5.56E-31	3.48E-02	0.0845	0.352	4052.8369	0.77	0
1	1	7183.752865	1.31E-35	3.14E+00	0.0875	0.391	7096.1309	0.58	-0.01
1	1	7183.7557	2.84E-36	6.78E-01	0.0244	0.208	7136.3335	0.38	0
1	1	7183.755995	2.26E-35	1.02E-02	0.0337	0.298	5996.6372	0.41	-0.02
1	1	7183.759	5.02E-39	1.81E-03	0.0851	0.412	6994.7227	0.61	0
1	1	7183.763714	2.08E-30	6.44E-01	0.0461	0.391	4381.9043	0.25	-0.01
1	1	7183.7682	1.19E-40	1.04E+00	0.0075	0.161	9577.377	0.41	0
1	1	7183.771048	4.10E-32	3.64E-01	0.0619	0.298	5171.0601	0.45	-0.02
1	1	7183.772976	3.24E-37	2.55E-03	0.101	0.434	6272.6294	0.74	0
1	1	7183.7828	8.51E-40	3.05E-01	0.0449	0.265	8825.8135	0.37	0
1	1	7183.78518	1.26E-39	1.84E-02	0.0758	0.333	8072.0078	0.47	-0.01
1	1	7183.7882	1.09E-34	6.69E-01	0.0536	0.235	6596.2256	0.36	0
1	1	7183.789	1.88E-35	5.55E-02	0.0313	0.265	6417.353	0.37	0
1	1	7183.790544	1.86E-36	2.08E-03	0.0826	0.371	5840.9468	0.79	0
1	1	7183.798	1.78E-37	2.04E-02	0.0142	0.183	7234.8911	0.41	0
1	1	7183.806307	6.88E-31	6.40E-01	0.0407	0.391	4381.9043	0.25	-0.02
1	1	7183.8108	3.07E-38	1.15E+00	0.0467	0.352	8039.5674	0.33	-0.02
1	1	7183.8153	1.92E-34	1.05E-01	0.0426	0.195	6135.0298	0.41	0
1	1	7183.81799	1.51E-40	3.39E-01	0.03	0.265	8961.1357	0.15	-0.01
1	1	7183.8285	3.04E-37	8.51E-03	0.0882	0.352	6729.7349	0.59	-0.01
1	1	7183.832938	6.22E-33	6.98E-03	0.0744	0.333	4725.062	0.62	-0.01
1	1	7183.8539	5.31E-36	2.14E-03	0.0066	0.235	5796.7729	0.36	0
1	1	7183.8563	2.07E-37	3.47E+00	0.075	0.352	7874.3662	0.65	0
1	1	7183.8622	1.70E-36	3.14E-02	0.0075	0.15	6654.2578	0.41	0
1	1	7183.8629	8.01E-30	1.20E-03	0.0171	0.298	2701.8303	0.41	0
1	1	7183.8629	2.40E-29	1.20E-03	0.0176	0.298	2701.8303	0.41	0
1	1	7183.8733	5.07E-35	2.46E-03	0.0503	0.281	5293.9023	0.41	0
1	1	7183.8742	1.12E-33	2.17E-04	0.0154	0.208	4237.3105	0.38	0
1	1	7183.8753	3.45E-36	8.25E+00	0.0936	0.412	7517.2124	0.75	0
1	1	7183.87854	4.92E-25	1.17E+00	0.0387	0.245	1810.5833	0.21	-0.01
1	1	7183.88188	1.83E-39	5.31E-01	0.0881	0.391	8596.8955	0.68	0
1	3	7183.88571	3.83E-26	7.87E+00	0.053	0.329	1055.054	0.27	-0.01
1	1	7183.896141	5.24E-32	5.74E-03	0.0736	0.371	4197.3389	0.58	-0.02
1	4	7183.89877	4.76E-26	1.20E+00	0.0879	0.413	653.0888	0.53	0
1	1	7183.8999	9.19E-38	7.34E-01	0.0264	0.281	8010.2681	0.41	0
1	1	7183.9003	3.06E-38	7.34E-01	0.0241	0.281	8010.2676	0.41	0
1	1	7183.9006	3.54E-39	7.46E-03	0.0462	0.281	7510.1772	0.41	0
1	1	7183.901956	4.24E-36	3.10E+00	0.0846	0.391	7099.27	0.52	-0.01
1	1	7183.9022	5.70E-30	5.69E-01	0.0326	0.281	4266.1284	0.41	0
1	1	7183.904	1.90E-30	5.69E-01	0.0311	0.281	4266.1265	0.41	0
1	1	7183.921599	1.60E-31	4.13E-02	0.0438	0.25	4252.4482	0.37	-0.02
1	1	7183.9232	7.53E-38	8.20E-03	0.0488	0.298	6900.4292	0.41	0
1	1	7183.94071	4.42E-40	3.30E-01	0.0325	0.265	8960.7881	0.11	-0.02
1	1	7183.948579	5.23E-33	1.04E-01	0.0748	0.298	5355.2627	0.41	-0.01
1	1	7183.95775	1.65E-29	3.50E-01	0.0523	0.265	3738.5432	0.21	-0.01
1	1	7183.9646	7.17E-36	9.66E-03	0.0228	0.298	5996.8379	0.41	0
1	4	7183.97279	3.39E-25	1.85E+00	0.0961	0.52	156.3822	0.73	0
1	1	7183.97335	1.20E-32	1.06E-02	0.0257	0.281	4469.7964	-0.27	-0.02
1	1	7183.9808	5.07E-40	1.85E-02	0.0336	0.298	8078.5947	0.45	0
1	1	7183.987	2.18E-40	1.18E-01	0.059	0.25	8911.4854	0.37	0
1	1	7183.9882	5.33E-40	1.43E-03	0.0075	0.141	7932.4141	0.41	0
1	1	7183.9921	2.19E-33	5.94E-01	0.0125	0.265	5684.4888	0.39	0
1	1	7183.999803	4.46E-35	1.35E-01	0.0123	0.123	6536.4443	0.41	0
1	1	7184.000575	1.93E-34	2.41E-03	0.0552	0.315	4994.7026	0.49	-0.02
1	1	7184.008912	2.12E-38	1.41E+00	0.0591	0.333	8156.8545	0.25	-0.01
1	1	7184.0132	2.09E-39	3.50E-01	0.0336	0.265	8653.8105	0.39	0
1	1	7184.01733	9.07E-32	8.24E-03	0.0732	0.391	3868.8728	0.49	-0.01
1	1	7184.022353	2.39E-40	1.55E-01	0.0537	0.352	8851.8535	0.05	-0.01
1	1	7184.032784	3.58E-32	1.05E-02	0.0225	0.281	4469.7373	-0.27	-0.02
1	1	7184.0432	6.57E-40	4.16E-02	0.0075	0.172	8318.5732	0.41	0
1	1	7184.048195	1.32E-32	1.04E-03	0.0817	0.371	3873.7937	0.64	-0.01
1	1	7184.0513	2.63E-31	1.13E-01	0.0164	0.208	4427.1626	0.41	0
1	1	7184.0525	3.86E-38	3.34E+00	0.0075	0.172	8618.9688	0.41	0
1	1	7184.0573	2.13E-38	4.35E-02	0.0204	0.208	7791.2432	0.38	0
1	1	7184.0607	7.07E-39	2.42E-03	0.0075	0.172	7470.4238	0.41	0
1	1	7184.075394	1.92E-30	4.42E-04	0.0801	0.315	2998.7664	0.72	-0.01
1	1	7184.0782	6.24E-36	6.26E-02	0.0336	0.298	6617.2026	0.45	0
1	1	7184.082725	2.31E-32	1.79E-02	0.0493	0.298	4669.7358	0.44	0
1	1	7184.084	1.81E-39	1.87E-03	0.021	0.235	7636.7695	0.36	0
1	1	7184.094218	9.47E-32	4.77E-01	0.0971	0.456	4759.0234	0.79	0
1	1	7184.10093	1.49E-24	1.18E+00	0.0389	0.25	1810.5879	0.22	-0.01
1	1	7184.1027	3.07E-40	1.29E-02	0.0166	0.114	8515.0566	0.41	0
1	1	7184.1038	2.89E-38	3.61E-01	0.0519	0.352	8039.8618	0.53	-0.02
1	1	7184.1106	1.25E-36	4.33E-04	0.0894	0.391	5749.7236	0.68	0
1	1	7184.11377	6.44E-33	6.59E-02	0.008	0.25	5235.9585	0.37	-0.01
1	1	7184.1239	2.86E-38	2.36E-02	0.0372	0.333	7503.9985	-0.02	0
1	1	7184.125	6.78E-39	3.17E-01	0.0155	0.183	8256.208	0.41	0
1	1	7184.1468	2.74E-36	1.95E-03	0.0075	0.141	6220.4082	0.41	0
1	1	7184.154887	6.69E-35	5.36E-02	0.0602	0.25	6148.6816	0.37	-0.01
1	1	7184.163393	1.94E-39	1.33E-01	0.0709	0.298	8452.1377	0.41	-0.02
1	1	7184.1671	5.26E-40	4.15E-01	0.0242	0.235	8790.5605	0.36	0
1	1	7184.1782	1.49E-36	3.05E-02	0.0622	0.235	6589.8794	0.36	0
1	1	7184.1847	1.72E-40	8.04E-01	0.059	0.25	9354.4092	0.37	0
1	1	7184.1926	2.24E-34	1.20E-01	0.0424	0.265	6049.8765	0.39	0
1	1	7184.1928	3.95E-40	1.72E+00	0.059	0.25	9354.4092	0.36	0
1	1	7184.1948	7.03E-33	1.12E-03	0.0325	0.235	4396.1528	0.36	0
1	1	7184.2104	2.71E-30	1.68E-01	0.0357	0.208	4016.1152	0.38	0
1	1	7184.2144	5.30E-39	1.92E-02	0.066	0.25	7879.8252	0.37	0
1	1	7184.214913	6.17E-33	9.42E-02	0.0499	0.333	5261.4712	0.62	0
1	1	7184.215607	2.06E-33	9.42E-02	0.0414	0.333	5261.4712	0.62	-0.01
1	1	7184.224242	1.13E-31	4.28E+00	0.0422	0.281	5505.1733	0.39	-0.01
1	1	7184.239365	1.41E-34	1.03E-02	0.0821	0.352	5505.21	0.59	0
1	1	7184.243161	7.27E-32	7.32E-04	0.0895	0.412	3375.2979	0.73	0
1	1	7184.2432	1.76E-38	5.39E-03	0.0916	0.434	6920.4458	0.7	0
1	1	7184.260997	3.54E-39	2.19E-02	0.0699	0.333	7917.9565	0.54	-0.01
1	1	7184.26391	2.55E-36	3.74E+00	0.0826	0.371	7573.8003	0.76	-0.01
1	1	7184.2914	3.01E-40	4.13E+00	0.0075	0.161	9671.4873	0.41	0
1	1	7184.310063	2.78E-38	2.06E-01	0.0633	0.371	7681.2129	0.18	-0.01
1	1	7184.31088	1.40E-29	5.28E-02	0.0162	0.265	3592.4238	0.39	-0.02
1	1	7184.3141	2.95E-40	3.04E-04	0.0186	0.221	7636.5391	0.36	0
1	1	7184.3254	7.89E-35	5.38E+00	0.0263	0.352	6716.1685	0.08	-0.01
1	1	7184.32553	2.37E-34	5.38E+00	0.0326	0.352	6716.1685	0.08	-0.01
1	1	7184.338279	1.78E-31	7.62E-02	0.0624	0.333	4525.9639	0.35	0
1	1	7184.3496	2.04E-40	9.49E-01	0.023	0.221	9394.7197	0.38	0
1	1	7184.3509	1.11E-36	2.36E+00	0.0292	0.195	7610.2861	0.41	0
1	1	7184.3532	8.57E-38	7.53E-03	0.0164	0.265	6856.23	0.39	0
1	1	7184.358	2.83E-38	3.95E-02	0.0086	0.183	7523.0654	0.41	0
1	1	7184.36144	1.67E-26	6.30E-02	0.0915	0.391	2053.9688	0.72	0
1	1	7184.366907	2.11E-40	1.30E-02	0.0609	0.333	8165.249	0.42	-0.01
1	1	7184.3701	5.60E-38	1.43E+00	0.0826	0.391	7905.6509	0.55	0
1	1	7184.372	9.81E-35	4.90E-01	0.0241	0.281	6266.5532	0.41	0
1	1	7184.372	2.94E-34	4.90E-01	0.0264	0.281	6266.5532	0.41	0
1	1	7184.3814	4.33E-35	4.35E-01	0.0336	0.298	6617.2026	0.45	0
1	1	7184.385339	8.53E-30	3.28E+00	0.0846	0.352	4426.0664	0.73	0
1	1	7184.397	3.05E-37	2.88E-02	0.0166	0.114	7026.7173	0.41	0
1	1	7184.3976	7.14E-38	6.27E-04	0.016	0.208	6456.7598	0.38	0
1	1	7184.416958	3.76E-40	1.26E-02	0.0563	0.315	8039.2695	0.21	-0.02
1	1	7184.417338	7.33E-40	1.37E-02	0.0816	0.371	7870.458	0.66	-0.01
1	1	7184.4204	2.60E-36	3.91E-03	0.0747	0.333	5979.7705	0.6	-0.01
1	1	7184.4237	5.45E-38	6.18E-02	0.0179	0.183	7491.0146	0.41	0
1	1	7184.4303	9.87E-40	6.03E-02	0.0337	0.235	8264.04	0.36	0
1	1	7184.430562	7.78E-38	1.92E-01	0.0654	0.371	7680.9268	0.2	-0.01
1	1	7184.4376	1.77E-40	3.00E-01	0.0208	0.195	8983.6104	0.41	0
1	1	7184.4421	7.00E-40	1.93E-01	0.0166	0.114	8668.3896	0.41	0
1	2	7184.45637	1.99E-23	1.11E+01	0.098	0.537	78.9887	0.75	0
1	1	7184.457706	4.68E-25	2.15E+00	0.0552	0.281	1985.7849	0.41	-0.01
1	1	7184.463246	2.25E-32	2.15E-01	0.0582	0.315	4939.7944	0.49	0
1	1	7184.4659	2.54E-40	1.86E-02	0.0322	0.298	8447.626	0.45	0
1	1	7184.46601	2.43E-29	3.64E-02	0.0534	0.298	3383.2654	0.17	-0.02
1	1	7184.4725	1.36E-34	5.52E-03	0.0506	0.298	5237.5698	0.45	-0.01
1	1	7184.4805	2.78E-40	3.53E-04	0.0028	0.161	7740.4614	0.41	0
1	1	7184.4948	1.12E-34	1.57E-01	0.0379	0.25	6037.9482	0.37	0
1	1	7184.5239	3.75E-35	3.61E-01	0.0238	0.221	6475.4634	0.38	0
1	1	7184.524806	3.81E-34	5.10E-01	0.0623	0.352	5907.6357	0.3	-0.01
1	1	7184.525402	2.06E-33	1.66E-01	0.0269	0.315	5624.3872	0.45	0
1	1	7184.531483	4.93E-33	1.91E-03	0.0101	0.15	4438.749	0.41	0
1	1	7184.5316	4.33E-33	2.52E-02	0.0227	0.25	5119.52	0.37	0
1	1	7184.533	1.44E-33	2.52E-02	0.0228	0.25	5119.519	0.37	0
1	1	7184.53633	2.65E-40	9.24E-01	0.0863	0.371	8917.0928	0.69	-0.01
1	1	7184.5518	5.39E-40	2.48E-03	0.0179	0.183	7779.7139	0.41	0
1	1	7184.553	1.46E-39	7.97E-02	0.0622	0.235	8227.0898	0.36	0
1	1	7184.5563	7.93E-39	2.60E-01	0.0357	0.235	8361.665	0.36	0
1	1	7184.556772	1.96E-28	8.46E+00	0.0943	0.456	3849.3853	0.72	-0.01
1	1	7184.5672	9.33E-39	2.55E-03	0.0906	0.371	6972.5288	0.71	-0.01
1	1	7184.572495	4.45E-34	5.48E-02	0.0845	0.352	5613.3691	0.77	0
1	1	7184.5727	2.81E-39	3.60E-03	0.0656	0.265	7650.4219	0.39	0
1	1	7184.580734	5.40E-36	8.77E-04	0.0964	0.456	5473.6562	0.72	-0.01
1	1	7184.5887	1.36E-36	4.27E-02	0.0166	0.114	7026.7163	0.41	0
1	1	7184.5997	5.76E-40	8.61E-02	0.0554	0.265	8419.626	0.37	0
1	1	7184.6071	2.23E-40	2.03E-03	0.012	0.221	8084.7632	0.36	0
1	1	7184.6076	6.73E-38	1.09E-01	0.0893	0.391	7338.9878	0.77	-0.01
1	1	7184.60844	1.52E-32	1.97E-03	0.0101	0.15	4438.749	0.41	0
1	1	7184.61032	6.29E-39	1.88E-03	0.0798	0.371	7216.2974	0.64	0
1	1	7184.616455	1.54E-34	1.08E-01	0.0101	0.172	6197.4678	0.41	0
1	1	7184.617605	1.66E-33	3.53E-04	0.0614	0.333	4381.7354	0.32	0
1	1	7184.6269	5.83E-39	5.91E-03	0.0325	0.235	7618.6021	0.36	0
1	1	7184.6354	5.85E-37	2.13E-03	0.0204	0.221	6474.7173	0.36	0
1	1	7184.6478	1.20E-39	3.37E-02	0.077	0.391	7924.646	0.74	-0.01
1	1	7184.6567	8.01E-38	8.56E-04	0.0244	0.208	6723.062	0.38	0
1	1	7184.664	1.13E-36	2.52E-04	0.0122	0.172	5970.9341	0.41	0
1	1	7184.6646	3.92E-38	5.93E-04	0.0164	0.265	6753.2607	0.37	0
1	1	7184.6722	1.79E-38	5.40E-01	0.0922	0.391	7905.6509	0.63	-0.01
1	1	7184.679699	2.37E-33	4.36E-01	0.0594	0.265	5830.2593	0.39	-0.01
1	1	7184.6828	3.91E-35	5.22E-01	0.0295	0.25	6727.4131	0.37	0
1	1	7184.6851	6.20E-37	9.81E-04	0.07	0.352	6193.5962	0.58	0
1	1	7184.6885	3.34E-40	1.83E-03	0.0637	0.352	7815.6748	0.59	-0.01
1	1	7184.6932	1.15E-35	2.52E-03	0.0075	0.15	5987.8296	0.41	0
1	1	7184.6935	5.61E-38	1.93E-02	0.0116	0.183	7234.8887	0.41	0
1	1	7184.6983	8.44E-40	1.57E-02	0.0567	0.333	7919.2432	0.23	0
1	1	7184.7023	2.17E-38	3.08E-01	0.0305	0.221	7964.2837	0.36	0
1	1	7184.708	1.07E-35	3.47E-01	0.0524	0.352	6590.0708	0.19	-0.01
1	1	7184.709612	1.12E-34	1.32E-01	0.0771	0.352	5907.6357	0.56	-0.01
1	1	7184.711298	4.56E-32	2.56E-01	0.0465	0.298	5076.2661	0.16	-0.02
1	1	7184.7186	3.82E-38	2.33E-03	0.0075	0.15	7136.5801	0.41	0
1	1	7184.7229	1.31E-35	5.22E-01	0.0277	0.25	6727.373	0.37	0
1	1	7184.7262	6.93E-38	1.80E-01	0.0542	0.195	7876.5889	0.41	-0.01
1	1	7184.72724	1.94E-24	6.58E-03	0.0619	0.391	610.3412	0.41	-0.01
1	1	7184.7306	5.93E-40	1.12E+00	0.0542	0.195	9232.8965	0.41	-0.01
1	1	7184.7314	2.26E-40	6.05E-03	0.0454	0.281	8032.8511	0.41	0
1	1	7184.7429	1.61E-37	8.23E+00	0.0622	0.235	8227.0898	0.36	0
1	1	7184.74576	7.50E-34	4.95E-02	0.0626	0.352	5258.8682	0.19	-0.01
1	1	7184.7498	1.62E-38	1.00E+00	0.0153	0.208	8279.2998	0.38	0
1	1	7184.7544	4.87E-38	1.00E+00	0.0153	0.208	8279.2959	0.38	0
1	1	7184.754803	7.37E-29	7.46E-01	0.099	0.456	3255.3459	0.77	0
1	1	7184.757219	1.11E-38	3.74E-03	0.0841	0.391	7241.709	0.83	0
1	1	7184.765784	1.57E-38	1.52E-04	0.0081	0.172	6747.4653	0.41	0
1	1	7184.7691	2.38E-38	3.13E-01	0.0335	0.183	8210.3838	0.41	0.01
1	1	7184.7755	4.39E-38	2.48E-01	0.0449	0.195	7799.7212	0.41	0.01
1	1	7184.782717	1.54E-37	6.57E-01	0.0873	0.391	7729.5532	0.68	-0.01
1	1	7184.786217	2.47E-29	5.74E-02	0.0235	0.195	3567.1738	0.41	-0.02
1	1	7184.7957	1.27E-36	8.95E-04	0.0797	0.371	6002.3486	0.76	0
1	1	7184.801806	4.64E-37	2.20E-03	0.0629	0.352	6193.3608	0.32	-0.01
1	1	7184.803	7.43E-35	1.55E-02	0.0075	0.161	5947.2739	0.41	0
1	1	7184.80378	2.76E-39	5.10E-01	0.0823	0.412	8504.3711	0.54	-0.01
1	1	7184.8118	1.41E-38	3.58E+00	0.0346	0.221	8796.6748	0.38	0
1	1	7184.8143	4.16E-39	9.24E+00	0.0075	0.161	9070.418	0.41	0
1	1	7184.8201	2.35E-39	2.40E-03	0.0075	0.172	7469.6641	0.41	0
1	1	7184.8329	7.83E-37	1.99E-01	0.0075	0.161	7193.3242	0.41	0
1	1	7184.8333	7.73E-40	3.10E-03	0.0075	0.161	7996.9702	0.41	0
1	1	7184.8487	1.99E-36	9.22E-02	0.0574	0.315	6706.1558	0.45	0
1	1	7184.867777	5.54E-33	1.35E+00	0.0718	0.25	5919.0088	0.36	-0.02
1	1	7184.8713	2.71E-40	3.55E-02	0.0075	0.161	8488.0322	0.41	0
1	1	7184.878678	3.83E-34	9.71E-02	0.0758	0.412	5727.5708	0.71	-0.01
1	1	7184.880306	1.27E-38	4.76E-01	0.0634	0.352	8014.1504	0.34	-0.01
1	1	7184.895315	1.10E-35	4.63E-02	0.0278	0.315	6437.4722	0.45	-0.02
1	1	7184.89715	7.11E-33	5.34E+00	0.0171	0.315	5836.9858	0.49	-0.02
1	1	7184.89739	2.13E-32	5.34E+00	0.0171	0.315	5836.9858	0.49	-0.02
1	1	7184.9013	2.13E-40	2.48E-01	0.0164	0.183	9143.4854	0.41	0
1	1	7184.9016	2.96E-30	4.49E-02	0.0213	0.235	3685.3542	0.36	0
1	1	7184.9126	8.89E-30	4.49E-02	0.0222	0.235	3685.3433	0.36	0
1	1	7184.918206	4.23E-27	2.71E-05	0.069	0.391	742.0763	0.65	-0.01
1	1	7184.919035	8.56E-37	1.32E+00	0.0877	0.391	7328.6211	0.74	-0.01
1	1	7184.919918	1.37E-28	6.15E-02	0.0493	0.281	3135.7646	0.4	-0.01
1	1	7184.929734	4.94E-33	7.52E-02	0.0659	0.281	5300.1782	0.41	-0.01
1	1	7184.936752	2.80E-29	5.83E-04	0.0339	0.221	2358.3015	0.57	0
1	1	7184.943471	4.06E-30	1.09E-04	0.0366	0.315	2512.2827	-0.09	-0.01
1	1	7184.9464	1.15E-38	2.02E-03	0.0075	0.15	7136.918	0.41	0
1	1	7184.95542	3.67E-30	3.31E-03	0.0448	0.281	3314.8557	0.32	-0.01
1	1	7184.958142	8.36E-32	1.24E-03	0.0932	0.391	3722.731	0.7	-0.01
1	4	7184.96602	1.99E-26	1.08E-01	0.094	0.488	155.389	0.77	0
1	1	7184.969	2.98E-38	8.47E-03	0.0075	0.161	7452.6328	0.41	0
1	1	7184.9744	6.44E-40	1.93E-01	0.0075	0.172	8638.3975	0.41	0
1	1	7184.98	1.74E-37	3.75E-01	0.0826	0.371	7397.3149	0.79	0
1	1	7184.98398	6.46E-25	6.56E-03	0.0622	0.333	610.1144	0.38	-0.01
1	1	7184.9843	6.81E-34	1.65E-01	0.0296	0.315	5624.4551	0.45	0
1	1	7184.9868	5.17E-38	1.44E-03	0.0423	0.333	6784.0474	0.53	0
1	1	7185.006013	1.45E-31	4.10E-01	0.0811	0.333	4689.3286	0.63	-0.01
1	1	7185.0155	1.73E-38	1.44E-03	0.0438	0.333	6784.019	0.53	0
1	1	7185.0301	6.98E-40	2.42E-01	0.0242	0.235	8847.5332	0.36	0
1	1	7185.0541	8.53E-37	1.20E+00	0.0183	0.235	7474.9287	0.36	0
1	1	7185.0544	2.56E-36	1.20E+00	0.0183	0.235	7474.9282	0.36	0
1	1	7185.0547	1.91E-40	2.59E-01	0.0462	0.281	9083.6045	0.39	0
1	1	7185.0548	1.27E-40	3.26E-01	0.042	0.298	9197.4199	0.41	0
1	1	7185.059306	3.08E-40	6.60E-01	0.0813	0.352	9097.9336	0.63	-0.01
1	1	7185.0601	3.01E-39	4.67E-01	0.0507	0.315	8375.8281	0.45	0
1	1	7185.0756	4.52E-35	1.60E+01	0.0062	0.172	7261.5127	0.41	0
1	1	7185.0785	1.48E-39	9.95E-04	0.0292	0.195	7349.0874	0.41	0
1	1	7185.0828	1.35E-34	1.59E+01	0.0062	0.172	7261.5127	0.41	0
1	1	7185.094941	7.97E-34	5.95E-01	0.06	0.25	6148.6816	0.36	0
1	1	7185.099	5.25E-35	1.11E-01	0.0075	0.172	6197.3711	0.41	0
1	1	7185.09967	2.63E-39	2.43E-01	0.0223	0.265	8546.4688	-0.33	-0.02
1	1	7185.1026	8.73E-38	3.08E-02	0.069	0.333	7328.8066	0.47	-0.02
1	1	7185.1056	7.66E-37	2.33E-01	0.012	0.265	7144.9731	0.37	0
1	1	7185.1058	2.30E-36	2.33E-01	0.012	0.265	7144.9731	0.37	0
1	1	7185.108	2.33E-38	1.61E-02	0.0673	0.315	7444.0195	0.49	-0.01
1	1	7185.11418	5.52E-33	3.92E-03	0.0546	0.298	4669.7358	0.35	-0.02
1	1	7185.117977	1.21E-34	4.93E-02	0.0925	0.434	5506.311	0.74	0
1	1	7185.1324	6.55E-31	5.48E-01	0.0536	0.235	4525.3667	0.36	0
1	1	7185.147043	1.46E-34	2.60E-02	0.0651	0.298	5580.8184	0.41	-0.03
1	1	7185.162232	2.92E-32	4.33E-04	0.0876	0.412	3495.9392	0.77	0
1	1	7185.1684	7.26E-40	2.07E-01	0.0075	0.172	8638.3975	0.41	0
1	1	7185.170277	1.17E-40	2.29E-01	0.0515	0.352	8853.8838	0.04	-0.01
1	1	7185.172813	1.03E-33	3.52E-02	0.097	0.434	4926.8633	0.71	-0.01
1	1	7185.172923	3.13E-30	7.77E-01	0.0834	0.391	4076.1433	0.52	0
1	1	7185.174	3.14E-31	2.08E-04	0.0558	0.333	2920.1321	0.53	-0.01
1	1	7185.192624	1.81E-39	2.38E-03	0.0812	0.352	7577.1182	0.63	-0.01
1	1	7185.205302	2.91E-37	4.07E-03	0.0579	0.333	6615.9692	0.53	-0.01
1	1	7185.206752	1.59E-36	6.52E-04	0.0605	0.371	5825.6323	0.35	-0.01
1	1	7185.213	4.20E-40	3.33E-02	0.0075	0.131	8394.4297	0.41	0
1	1	7185.218303	6.97E-36	3.51E-03	0.0951	0.434	5549.7012	0.76	-0.01
1	1	7185.2204	2.88E-36	8.76E-03	0.019	0.221	6238.2271	0.38	0
1	1	7185.2332	6.91E-39	2.38E-03	0.0116	0.183	7234.8887	0.41	0
1	1	7185.233654	8.90E-36	3.79E-01	0.0817	0.371	6589.7349	0.58	-0.01
1	1	7185.2381	3.08E-39	9.51E-02	0.0954	0.412	7868.9351	0.72	0
1	1	7185.239	1.34E-40	6.02E+00	0.0678	0.371	9697.8721	0.31	-0.01
1	1	7185.2399	1.12E-38	7.80E-03	0.0449	0.281	7508.8394	0.41	0
1	4	7185.24222	1.38E-25	7.89E-01	0.0918	0.465	217.0419	0.73	0
1	1	7185.2426	2.47E-40	2.57E-01	0.0242	0.235	8847.3672	0.36	0
1	1	7185.24569	1.23E-38	4.95E-03	0.0926	0.434	7201.793	0.81	-0.01
1	1	7185.2578	4.90E-40	2.38E-01	0.0441	0.298	8855.4385	0.41	0
1	1	7185.260001	1.38E-34	2.20E-03	0.09	0.434	5065.4536	0.75	-0.01
1	1	7185.2637	9.46E-38	1.64E+00	0.0301	0.265	8201.9678	0.37	0
1	1	7185.2664	2.58E-37	4.65E-02	0.0618	0.352	6941.5176	0.25	-0.01
1	1	7185.275123	6.91E-36	1.73E-02	0.0708	0.333	6062.04	0.62	0
1	1	7185.2833	1.15E-38	2.19E-02	0.0394	0.25	7523.0908	0.37	0
1	1	7185.3	2.26E-36	3.23E-04	0.0476	0.195	5835.418	0.41	0.01
1	1	7185.303534	3.08E-33	1.35E-02	0.0411	0.281	5062.0132	0.39	0
1	1	7185.306	1.51E-40	3.16E+00	0.0449	0.265	9435.6445	0.37	0
1	1	7185.3087	1.03E-40	8.48E-02	0.0777	0.315	8901.0117	0.49	0
1	1	7185.311642	1.09E-36	1.29E-01	0.0574	0.281	6917.3062	0.41	-0.01
1	1	7185.3157	3.09E-39	1.10E-03	0.0445	0.265	7369.8574	0.39	0
1	1	7185.329141	5.80E-36	5.33E-03	0.0832	0.391	6026.5825	0.82	-0.01
1	1	7185.331614	1.06E-35	1.27E-01	0.0602	0.298	6653.3823	0.42	-0.01
1	1	7185.3348	1.39E-34	1.30E-02	0.0496	0.281	5465.1416	0.39	0
1	1	7185.3458	1.73E-34	1.36E+01	0.0187	0.195	7156.8159	0.41	0
1	1	7185.3533	2.45E-40	3.20E-02	0.0432	0.298	8358.6533	0.41	0
1	1	7185.354025	1.01E-29	1.13E+00	0.1021	0.456	3750.4644	0.71	-0.01
1	1	7185.36484	7.39E-36	1.13E-02	0.0569	0.315	6003.4512	0.4	-0.02
1	1	7185.3692	1.63E-38	8.45E-04	0.0399	0.281	6748.1616	0.41	0
1	1	7185.3854	5.94E-37	5.45E+00	0.0476	0.333	7773.3096	0.05	-0.01
1	1	7185.39427	5.16E-23	9.37E-02	0.0924	0.435	447.2524	0.72	0
1	1	7185.399489	2.82E-33	1.15E-02	0.0637	0.333	4741.0669	0.56	-0.01
1	1	7185.40077	1.05E-23	4.89E+00	0.0523	0.315	1474.9808	0.34	-0.01
1	1	7185.4123	3.98E-37	4.70E-01	0.0823	0.315	7577.7876	0.69	0
1	1	7185.41326	1.12E-33	2.18E-02	0.0533	0.281	5105.7295	0.41	-0.01
1	1	7185.422087	9.97E-35	7.51E-02	0.0684	0.352	6041.0713	0.42	0
1	1	7185.4272	2.08E-40	7.56E-03	0.0075	0.123	8260.0254	0.41	0
1	1	7185.44255	3.87E-24	2.32E-02	0.0808	0.42	782.4098	0.63	-0.01
1	1	7185.4533	1.11E-39	4.37E-04	0.066	0.333	7328.8066	0.31	-0.02
1	1	7185.4603	3.22E-32	2.04E+00	0.0075	0.172	5702.7319	0.41	0
1	1	7185.4613	3.91E-40	3.32E+00	0.0647	0.333	9404.6631	0.49	0
1	1	7185.470456	9.29E-33	1.53E-02	0.0506	0.298	4842.1313	0.32	-0.02
1	1	7185.473	6.19E-38	7.37E-02	0.0439	0.25	7651.3726	0.37	0
1	1	7185.4732	1.67E-40	2.44E-01	0.042	0.298	8855.4424	0.41	0
1	1	7185.475834	1.04E-30	9.82E-03	0.0357	0.265	3587.6667	0.26	0
1	1	7185.4866	8.00E-37	6.75E-02	0.0215	0.208	7135.2661	0.38	0
1	1	7185.4968	1.69E-39	2.60E-02	0.0242	0.183	8242.4902	0.41	0
1	1	7185.5037	1.15E-37	6.31E-03	0.0431	0.315	6923.5083	0.51	-0.02
1	1	7185.5048	3.83E-38	6.31E-03	0.043	0.315	6923.5073	0.51	-0.02
1	1	7185.50543	2.91E-39	4.80E-01	0.0562	0.298	8613.8779	0.42	-0.01
1	1	7185.512945	5.95E-38	1.31E+00	0.0549	0.333	8156.1914	0.29	-0.01
1	1	7185.5132	7.71E-38	7.73E-03	0.0758	0.298	6864.7471	0.45	0
1	1	7185.5193	2.87E-38	2.63E-01	0.0479	0.315	7773.1758	0.12	-0.01
1	1	7185.535697	6.38E-32	3.74E-04	0.0869	0.391	3565.4546	0.74	0
1	1	7185.5464	1.23E-40	4.34E-03	0.0208	0.195	8413.2471	0.41	0
1	1	7185.573	9.63E-40	5.42E-04	0.0075	0.161	7357.188	0.41	0
1	1	7185.577	1.13E-23	1.73E-02	0.091	0.391	446.5107	0.77	-0.01
1	1	7185.578986	1.41E-33	3.08E-02	0.0882	0.352	5256.8452	0.59	-0.01
1	1	7185.596188	2.00E-22	1.68E+01	0.0342	0.371	1045.0583	0.19	-0.01
1	1	7185.597304	6.00E-22	1.68E+01	0.0413	0.195	1045.0579	0.19	-0.01
1	1	7185.60575	3.19E-32	7.83E-04	0.0923	0.371	3600.0522	0.64	-0.01
1	1	7185.6121	1.31E-40	3.28E-02	0.0126	0.208	8578.3994	0.41	0
1	1	7185.6264	2.05E-38	1.82E-01	0.0075	0.123	8178.2852	0.41	0
1	1	7185.627252	2.44E-34	9.28E-02	0.0848	0.371	5874.7466	0.67	0
1	1	7185.64359	3.77E-39	2.03E-01	0.0469	0.315	8137.8555	0.23	-0.01
1	1	7185.64719	3.18E-34	1.64E-01	0.0723	0.352	5937.0371	0.38	-0.01
1	1	7185.6494	1.84E-37	5.99E-02	0.077	0.315	7063.2646	0.68	-0.01
1	1	7185.651855	1.05E-34	3.05E-01	0.0749	0.333	6318.7168	0.52	0
1	1	7185.6544	8.29E-37	1.07E-03	0.0229	0.183	6095.6011	0.41	0.01
1	1	7185.6595	2.74E-39	2.80E-01	0.0075	0.141	8672.5605	0.41	0
1	1	7185.6608	4.49E-40	4.92E-01	0.0345	0.208	8870.6572	0.38	0
1	1	7185.6684	4.25E-39	1.28E+00	0.0029	0.221	8817.7871	0.36	0
1	1	7185.6685	1.42E-39	1.28E+00	0.0288	0.221	8817.7871	0.36	0
1	1	7185.669	1.05E-37	1.45E-02	0.0174	0.195	7262.6763	0.41	0
1	1	7185.669877	9.46E-31	2.08E-04	0.0581	0.333	2919.6328	0.53	-0.01
1	1	7185.683865	2.28E-30	5.26E-01	0.0834	0.315	4399.542	0.65	0
1	1	7185.6861	4.02E-40	2.17E-01	0.0354	0.265	8909.7871	0.37	0
1	1	7185.6891	1.47E-36	2.00E-01	0.0502	0.315	6926.499	0.45	0
1	1	7185.690665	2.24E-39	2.76E-02	0.0739	0.298	7833.5649	0.45	0
1	1	7185.69702	6.44E-26	4.17E-01	0.092	0.391	2130.4944	0.7	-0.01
1	1	7185.712618	1.99E-37	1.07E-02	0.0664	0.265	6982.124	0.28	-0.04
1	1	7185.7205	4.91E-40	9.64E-01	0.0494	0.208	8990.7832	0.38	0
1	1	7185.727049	8.78E-37	4.85E+00	0.0648	0.352	7871.7603	0.33	-0.01
1	1	7185.73135	8.52E-28	4.48E-02	0.0839	0.371	2399.1653	0.68	-0.01
1	1	7185.73323	6.48E-29	6.53E-01	0.0949	0.412	3375.2979	0.76	0
1	1	7185.74347	1.54E-40	2.64E-02	0.0534	0.333	8552.709	0.53	-0.02
1	1	7185.7447	7.83E-39	1.30E-02	0.0465	0.265	7461.2339	0.39	-0.01
1	1	7185.7517	1.11E-38	1.25E-01	0.0075	0.161	7985.0068	0.41	0
1	1	7185.7558	2.56E-40	9.98E-04	0.066	0.25	7879.8252	0.37	0
1	1	7185.757671	6.19E-31	6.72E-02	0.0745	0.371	4195.4771	0.53	0
1	1	7185.759186	1.88E-33	1.77E-01	0.0435	0.315	5430.1812	0.34	-0.01
1	1	7185.7651	2.00E-37	5.85E-03	0.0171	0.265	6856.2358	0.39	0
1	1	7185.765464	6.13E-40	2.36E+00	0.0614	0.371	9192.6387	0.18	-0.01
1	1	7185.765791	5.36E-32	4.76E-02	0.0686	0.371	4401.9419	0.44	-0.02
1	1	7185.77731	1.03E-30	3.39E-03	0.0549	0.298	3564.7051	0.44	-0.01
1	1	7185.7865	1.35E-38	2.84E-01	0.0075	0.172	8318.5742	0.41	0
1	1	7185.7867	3.67E-38	3.64E-01	0.0298	0.235	7875.9868	0.36	0
1	1	7185.7901	2.35E-38	1.04E+00	0.0333	0.221	8210.2852	0.38	0
1	1	7185.7905	2.27E-38	6.32E-01	0.0075	0.15	8169.4766	0.41	0
1	1	7185.8078	2.95E-38	1.44E+00	0.0541	0.221	8455.9355	0.38	-0.01
1	1	7185.8164	5.01E-37	3.72E-01	0.0657	0.265	7554.3237	0.37	0
1	1	7185.8171	1.02E-38	7.38E-02	0.0424	0.265	7797.3291	0.37	0
1	1	7185.818713	1.69E-34	5.83E-02	0.0729	0.352	5598.5776	0.46	-0.01
1	1	7185.819087	9.82E-39	1.77E-01	0.0511	0.315	8138.0083	0.24	-0.01
1	1	7185.8303	2.62E-40	2.55E-03	0.0075	0.15	8188.8413	0.41	0
1	1	7185.8347	3.45E-35	3.75E-01	0.041	0.352	6590.0664	0.19	-0.01
1	1	7185.8358	5.21E-35	6.36E-03	0.0325	0.298	5728.876	0.41	0
1	1	7185.8369	1.01E-33	4.71E-02	0.0454	0.281	5320.9668	0.39	0
1	1	7185.847196	4.77E-27	9.19E-05	0.0683	0.391	742.073	0.69	-0.01
1	1	7185.8681	2.20E-40	2.80E-02	0.0155	0.183	8440.0264	0.41	0
1	1	7185.869405	1.12E-37	4.69E-04	0.0356	0.298	6436.498	0.45	-0.02
1	1	7185.8698	9.04E-40	3.53E-02	0.0241	0.281	8110.4219	0.41	0
1	1	7185.8733	2.39E-39	3.92E-03	0.0476	0.195	7758.52	0.41	0.01
1	1	7185.8769	1.69E-38	9.90E-01	0.0032	0.235	8242.2324	0.36	0
1	1	7185.8769	5.06E-38	9.90E-01	0.0032	0.235	8242.2324	0.36	0
1	1	7185.877	6.24E-40	1.87E-01	0.0075	0.172	8638.3975	0.41	0
1	1	7185.879	2.50E-39	6.89E-03	0.0892	0.333	7503.4771	0.78	-0.01
1	1	7185.879528	1.31E-38	8.45E-02	0.0821	0.371	7877.8535	0.68	0
1	1	7185.8944	2.62E-38	5.54E-03	0.0488	0.298	7244.0425	0.45	0
1	1	7185.898404	1.27E-30	1.54E+00	0.07	0.371	4401.9419	0.5	-0.01
1	1	7185.900519	1.58E-32	9.74E-03	0.0708	0.352	4553.2734	0.65	-0.01
1	1	7185.9069	6.39E-37	1.90E-01	0.0316	0.208	7407.0601	0.38	0
1	1	7185.909614	3.18E-27	6.49E-02	0.0346	0.235	2551.4836	0.36	-0.02
1	1	7185.91169	9.70E-38	4.05E-03	0.0601	0.333	6615.2646	0.53	-0.01
1	1	7185.9145	2.48E-40	8.63E-01	0.0086	0.183	9143.1553	0.41	0
1	1	7185.9149	4.97E-37	1.38E-02	0.0075	0.161	6974.4175	0.41	0
1	1	7185.936518	2.23E-28	9.39E+00	0.0922	0.434	3895.5879	0.63	0
1	1	7185.9482	1.31E-39	2.36E-02	0.0419	0.315	8138.0083	0.24	0
1	1	7185.966618	4.27E-27	3.11E-04	0.0743	0.371	1045.0583	0.66	-0.01
1	1	7185.9778	3.66E-38	1.37E+00	0.0454	0.352	8039.5674	0.33	-0.01
1	1	7185.978727	7.32E-40	5.78E-03	0.0974	0.456	7536.8125	0.77	0
1	1	7185.9858	1.95E-36	8.10E+00	0.0649	0.352	7587.7402	0.31	-0.01
1	1	7185.9915	2.93E-39	8.12E-03	0.0075	0.172	7911.4766	0.41	0
1	1	7185.9915	9.75E-40	8.12E-03	0.0075	0.172	7911.4766	0.41	0
1	1	7186.000593	8.69E-33	2.71E-03	0.0673	0.352	4186.5693	0.38	-0.01
1	1	7186.0163	2.41E-37	6.75E-01	0.0812	0.315	7775.6362	0.76	-0.01
1	1	7186.0272	1.65E-37	3.65E-02	0.0283	0.298	7254.1641	0.45	0
1	1	7186.029923	2.16E-37	2.11E+00	0.0559	0.352	7963.9307	0.25	-0.01
1	1	7186.0302	1.22E-37	4.04E-01	0.0244	0.235	7875.8506	0.36	0
1	1	7186.0373	5.30E-38	1.20E-03	0.0324	0.235	6864.4312	0.36	0
1	1	7186.0384	5.70E-39	2.99E-02	0.0586	0.298	7697.4502	0.41	0
1	1	7186.0447	2.49E-40	1.04E-03	0.0265	0.221	7924.3374	0.36	0
1	1	7186.055241	8.85E-29	1.07E-02	0.0411	0.235	2918.2451	-0.05	-0.01
1	1	7186.06	5.66E-40	3.87E-02	0.0215	0.208	8300.04	0.38	0
1	1	7186.0601	3.75E-39	2.37E-01	0.0075	0.172	8318.5732	0.41	0
1	1	7186.0663	1.59E-38	3.45E-03	0.047	0.315	7002.0371	0.49	0
1	1	7186.0689	2.66E-38	2.29E+00	0.0556	0.333	8233.8984	0.23	-0.01
1	1	7186.070036	1.95E-31	1.21E-02	0.0858	0.391	4050.5127	0.82	-0.02
1	1	7186.0733	5.24E-37	2.29E-03	0.059	0.25	6256.0269	0.37	0
1	1	7186.0759	6.06E-39	1.37E+00	0.0581	0.315	8452.9053	0.45	0
1	1	7186.08657	4.93E-33	2.00E-02	0.0638	0.315	4783.6411	0.44	-0.02
1	1	7186.1066	5.58E-39	3.26E-01	0.0697	0.352	8331.5537	0.39	0
1	1	7186.1091	2.82E-36	1.08E-02	0.0538	0.298	6192.1069	0.23	-0.01
1	1	7186.11045	3.77E-39	2.30E+00	0.063	0.298	8901.9912	0.41	-0.01
1	1	7186.1143	4.49E-37	5.65E-03	0.0536	0.235	6489.7544	0.36	0
1	1	7186.1227	3.03E-35	2.06E-01	0.0289	0.315	6310.3457	0.45	0
1	1	7186.1277	3.05E-37	1.37E-02	0.0075	0.141	6855.8989	0.41	0
1	1	7186.1336	7.64E-38	9.93E-01	0.0264	0.281	8110.4219	0.41	0
1	1	7186.1391	4.88E-37	5.54E-03	0.0075	0.172	6533.1304	0.41	0
1	1	7186.142557	1.47E-40	1.94E-01	0.0609	0.281	8834.4082	0.41	-0.02
1	1	7186.1435	2.46E-38	9.58E-01	0.0241	0.281	8110.4219	0.41	0
1	1	7186.1452	1.15E-35	7.04E-01	0.0183	0.195	7093.6689	0.41	0
1	1	7186.1527	1.23E-29	1.05E-03	0.0314	0.208	2660.7778	0.56	-0.01
1	1	7186.155808	4.25E-35	3.22E-02	0.0757	0.412	5726.2549	0.64	0
1	1	7186.158084	5.82E-38	8.66E-02	0.0501	0.333	7602.1636	0.53	-0.01
1	1	7186.1584	1.21E-37	2.03E-04	0.0189	0.195	6353.5298	0.41	0
1	1	7186.161083	4.27E-32	2.32E-02	0.0897	0.391	4195.9707	0.77	0
1	1	7186.167332	1.62E-34	4.67E+00	0.0768	0.412	6701.48	0.56	-0.01
1	1	7186.1688	9.10E-37	1.65E-02	0.0392	0.281	6530.9702	0.41	0
1	1	7186.185	1.23E-36	1.56E-03	0.0075	0.123	6147.4541	0.41	0
1	1	7186.1906	1.97E-39	8.19E-01	0.0242	0.235	8658.9541	0.36	0
1	1	7186.1951	4.81E-38	3.46E-03	0.0509	0.315	7001.9082	0.49	0
1	1	7186.1962	1.16E-39	1.80E-02	0.0588	0.315	8128.707	0.45	0
1	1	7186.215623	8.43E-32	2.04E-02	0.0906	0.412	3977.2615	0.69	0
1	1	7186.225247	7.61E-37	6.00E+00	0.0858	0.412	7536.5659	0.63	0
1	1	7186.2286	4.90E-38	7.76E-02	0.0321	0.298	7451.4448	0.41	0
1	1	7186.238677	1.53E-39	3.02E-02	0.0752	0.333	8156.1914	0.52	-0.02
1	1	7186.240135	9.60E-34	7.92E-04	0.0418	0.315	4661.4487	0.49	-0.01
1	1	7186.2489	5.58E-39	9.35E-04	0.0227	0.25	7006.167	0.37	0
1	1	7186.2499	2.78E-40	1.36E-02	0.0923	0.371	8004.3203	0.64	-0.01
1	1	7186.254	1.67E-38	9.35E-04	0.0228	0.25	7006.1616	0.37	0
1	1	7186.255718	1.77E-39	3.27E-02	0.0843	0.371	7868.6201	0.67	-0.02
1	1	7186.2657	4.23E-38	3.74E-01	0.0914	0.412	7611.8105	0.72	-0.01
1	1	7186.2702	1.72E-32	5.40E-05	0.0727	0.281	3536.0054	0.41	0
1	1	7186.2716	1.50E-38	1.42E-01	0.0581	0.315	8027.0342	0.45	0
1	1	7186.271716	1.16E-36	1.92E-03	0.0826	0.315	6202.4282	0.66	-0.02
1	1	7186.27336	6.86E-34	8.33E+00	0.0982	0.456	6204.4434	0.73	0
1	1	7186.2845	1.58E-37	4.30E+00	0.0507	0.235	8097.707	0.36	-0.01
1	1	7186.2888	3.72E-33	1.45E-04	0.033	0.25	3879.8108	0.37	0
1	1	7186.2956	1.07E-37	3.29E-03	0.0075	0.161	6974.4175	0.41	0
1	1	7186.297	1.37E-39	3.82E-03	0.0075	0.141	7932.4141	0.41	0
1	1	7186.29773	2.97E-33	5.56E+00	0.0373	0.235	6351.8545	0.36	-0.02
1	1	7186.306416	4.69E-36	1.98E-03	0.0093	0.123	6147.7852	0.41	0
1	1	7186.3074	4.53E-39	1.48E-01	0.0357	0.235	8361.665	0.36	0
1	1	7186.3141	6.22E-40	1.90E-02	0.0167	0.208	8146.8232	0.41	0
1	1	7186.3191	5.10E-39	5.38E-03	0.0325	0.298	7593.4448	0.41	0
1	1	7186.32107	4.41E-31	9.01E-03	0.0772	0.412	3746.7627	0.61	-0.01
1	1	7186.3264	1.73E-39	5.46E-03	0.0321	0.298	7593.4453	0.41	0
1	1	7186.333775	4.46E-37	1.01E+00	0.0881	0.391	7632.6465	0.8	0
1	1	7186.3365	4.94E-37	1.96E-02	0.049	0.298	6900.0469	0.45	0
1	1	7186.3373	1.45E-35	7.04E-02	0.0075	0.161	6379.3291	0.41	0
1	1	7186.3452	9.88E-40	3.28E-02	0.0075	0.15	8421.875	0.41	0
1	1	7186.3466	1.39E-38	1.70E-04	0.0075	0.131	6823.0508	0.41	0
1	1	7186.349	8.90E-39	5.63E-03	0.049	0.298	7243.5884	0.45	0
1	1	7186.361089	1.62E-31	2.15E-02	0.054	0.315	4263.1504	0.13	-0.02
1	1	7186.3627	8.66E-36	7.03E-02	0.0652	0.281	6592.1597	0.41	0
1	1	7186.363902	2.80E-40	7.46E-02	0.0811	0.281	8731.418	0.58	-0.03
1	1	7186.3674	5.85E-39	1.03E-03	0.0075	0.15	7136.918	0.41	0
1	1	7186.3782	4.01E-35	4.60E-03	0.021	0.235	5522.8652	0.36	0
1	1	7186.3857	3.48E-38	1.81E+00	0.0313	0.265	8201.9521	0.37	0
1	1	7186.3863	1.28E-40	1.20E+00	0.0445	0.265	9497.9873	0.37	0
1	1	7186.40762	4.64E-25	4.59E-03	0.0755	0.295	885.6002	0.53	0
1	1	7186.410645	3.89E-40	2.58E+00	0.0819	0.391	9275.0791	0.77	-0.01
1	1	7186.417	2.09E-36	1.78E-01	0.0075	0.161	6969.4595	0.41	0
1	1	7186.4173	4.35E-33	1.10E+00	0.0357	0.208	5726.8403	0.38	0
1	1	7186.418767	1.27E-29	3.61E-02	0.0971	0.434	3289.2424	0.8	0
1	1	7186.4212	2.07E-36	1.64E-03	0.0791	0.315	6050.7363	0.58	-0.01
1	1	7186.4224	1.59E-40	3.65E+00	0.0244	0.235	9709.3936	0.36	0
1	1	7186.4235	2.84E-33	7.01E-03	0.0322	0.298	4926.4082	0.41	0
1	1	7186.4381	1.49E-40	3.23E-03	0.0075	0.161	8334.2646	0.41	0
1	1	7186.455223	3.71E-35	1.52E-01	0.0615	0.315	6411.8755	0.22	-0.02
1	1	7186.4562	2.03E-37	2.52E-02	0.0062	0.172	7261.5127	0.41	0
1	1	7186.457	5.91E-40	6.02E-02	0.0075	0.131	8454.6211	0.41	0
1	1	7186.4631	2.13E-35	4.06E-01	0.0955	0.434	6297.3159	0.75	0
1	1	7186.4635	1.41E-37	1.76E+00	0.0703	0.352	8039.8618	0.66	0
1	1	7186.47597	2.68E-28	7.27E-02	0.0286	0.221	2872.5806	0.36	-0.02
1	1	7186.475978	6.00E-32	8.52E+00	0.0896	0.412	5608.2852	0.73	0
1	1	7186.4855	1.53E-34	4.32E-02	0.066	0.25	5919.0938	0.37	0
1	1	7186.4877	1.37E-35	8.21E-01	0.0706	0.298	6776.8057	0.41	0
1	1	7186.5036	4.87E-37	1.07E-01	0.021	0.235	7077.373	0.36	0
1	1	7186.5149	9.43E-37	1.41E-02	0.0101	0.141	6855.9521	0.41	0
1	1	7186.5157	7.10E-38	2.09E+00	0.053	0.352	7963.9966	0.27	-0.01
1	1	7186.5164	2.80E-37	6.26E-01	0.059	0.25	7781.0879	0.37	0
1	1	7186.518	3.76E-38	1.57E-01	0.0536	0.235	7711.6475	0.36	0
1	1	7186.5288	1.41E-29	1.31E+00	0.0379	0.25	4074.1487	0.36	0
1	1	7186.5301	2.96E-39	5.63E-02	0.0776	0.391	7845.2817	0.5	0
1	1	7186.530423	2.70E-35	2.90E-03	0.092	0.412	5550.6714	0.78	0
1	1	7186.5326	2.15E-39	8.88E-04	0.038	0.265	7191.8789	0.39	0
1	1	7186.536437	2.96E-36	1.49E-02	0.0816	0.352	6179.8359	0.83	-0.01
1	1	7186.5539	1.74E-40	9.92E-01	0.0241	0.208	9209.6807	0.38	0
1	1	7186.558	3.94E-38	1.20E+00	0.0075	0.161	8414.8223	0.41	0
1	1	7186.5632	1.74E-40	1.56E+00	0.0879	0.412	9077.3496	0.8	-0.01
1	1	7186.5663	5.39E-40	1.02E+00	0.0241	0.208	9209.6807	0.38	0
1	1	7186.5677	6.73E-38	2.50E-02	0.0062	0.172	7261.5127	0.41	0
1	1	7186.592704	2.62E-35	6.58E-03	0.0638	0.265	5684.5303	0.38	-0.02
1	1	7186.5933	1.09E-37	7.28E-02	0.0075	0.161	7627.4141	0.41	0
1	1	7186.59917	6.86E-25	1.36E+00	0.1045	0.47	1618.5573	0.77	0
1	1	7186.6284	7.86E-36	1.02E-02	0.0244	0.235	6263.6367	0.36	0
1	1	7186.6332	3.76E-33	1.90E+00	0.0175	0.221	6082.5474	0.36	0
1	1	7186.6339	1.25E-33	1.90E+00	0.0158	0.221	6082.5464	0.36	0
1	1	7186.658794	4.71E-40	1.98E-03	0.0786	0.352	7789.5449	0.59	-0.01
1	1	7186.6646	1.83E-35	1.08E-01	0.0243	0.265	6558.9126	0.37	0
1	1	7186.667373	1.97E-37	8.26E-01	0.074	0.371	7563.2119	0.41	-0.01
1	1	7186.6705	1.24E-40	1.33E-01	0.0656	0.265	8824.54	0.37	0
1	1	7186.6743	3.88E-34	2.11E+00	0.0171	0.298	6264.8218	0.45	0
1	1	7186.6743	1.16E-33	2.11E+00	0.0176	0.298	6264.8218	0.45	0
1	1	7186.6791	1.08E-32	2.05E+00	0.0075	0.172	5701.2241	0.41	0
1	1	7186.6831	2.97E-31	5.42E-01	0.0155	0.183	4735.8916	0.41	0
1	1	7186.6842	1.71E-40	1.44E-02	0.0323	0.25	8527.0078	0.37	0
1	1	7186.711038	2.92E-38	8.25E-04	0.097	0.434	6604.3789	0.73	-0.01
1	1	7186.7188	5.06E-40	4.18E-01	0.0075	0.161	9083.1484	0.41	0
1	1	7186.726	1.36E-40	7.07E-01	0.0075	0.161	9471.1797	0.41	0
1	1	7186.728288	3.62E-30	1.09E-03	0.0462	0.298	3072.7263	0.35	-0.01
1	1	7186.7285	6.01E-38	1.66E-01	0.0075	0.131	7704.1787	0.41	0
1	1	7186.7318	1.05E-35	4.62E-03	0.019	0.221	5827.4893	0.36	0
1	1	7186.734299	2.06E-34	5.85E+00	0.0883	0.434	6430.6211	0.62	-0.01
1	1	7186.7366	3.21E-40	2.72E-01	0.0476	0.195	9067.1982	0.41	0.01
1	1	7186.73785	1.93E-38	2.02E-02	0.0537	0.333	7503.8716	0.7	-0.01
1	1	7186.7466	1.29E-32	8.18E-01	0.0283	0.195	5680.6509	0.41	0
1	1	7186.7485	1.76E-39	5.99E-02	0.0075	0.131	8454.6699	0.41	0
1	1	7186.7502	7.48E-38	1.34E+00	0.0336	0.298	8176.4702	0.41	0
1	1	7186.7536	1.16E-33	7.46E-02	0.0249	0.195	5469.251	0.41	0
1	1	7186.771679	2.58E-33	2.90E-02	0.0433	0.281	5255.3467	0.39	-0.01
1	1	7186.774	3.60E-31	3.02E-01	0.0536	0.235	4525.3667	0.36	0
1	1	7186.7752	1.77E-40	3.55E-03	0.0075	0.172	8318.5742	0.41	0
1	1	7186.7755	1.88E-38	3.27E-03	0.0226	0.221	7296.7393	0.38	0
1	1	7186.781216	7.87E-34	7.58E-01	0.0859	0.352	5809.9751	0.76	0
1	1	7186.7902	1.17E-38	8.82E-02	0.0817	0.333	7958.4639	0.63	-0.01
1	1	7186.7917	6.63E-34	9.53E-02	0.0462	0.281	5762.1138	0.41	0
1	1	7186.796	7.33E-36	5.02E-04	0.0075	0.15	5748.0103	0.41	0
1	1	7186.8087	2.86E-36	5.30E-03	0.0386	0.25	6109.6597	0.36	0
1	1	7186.8088	1.15E-35	1.17E-03	0.0496	0.281	5465.1416	0.41	0
1	1	7186.815	5.42E-37	5.26E-03	0.0507	0.235	6450.5186	0.36	-0.01
1	1	7186.822177	1.68E-34	4.66E-02	0.0892	0.412	5653.0259	0.76	0
1	1	7186.822543	1.86E-36	5.16E+00	0.0669	0.352	7730.1851	0.32	-0.01
1	1	7186.8229	7.96E-36	1.47E+01	0.0059	0.172	7601.4497	0.41	0
1	1	7186.8275	2.39E-35	1.47E+01	0.0059	0.172	7601.4487	0.41	0
1	1	7186.8309	6.72E-37	3.11E-03	0.0075	0.161	6379.3291	0.41	0
1	1	7186.835015	7.45E-37	1.14E+00	0.0911	0.371	7326.7051	0.77	0
1	1	7186.8416	6.72E-39	8.10E-01	0.0155	0.183	8440.0264	0.41	0
1	1	7186.8439	5.28E-40	6.19E-04	0.0204	0.208	7676.6616	0.38	0
1	1	7186.8444	3.05E-40	1.82E+00	0.0657	0.265	9404.0977	0.37	0
1	1	7186.8446	2.60E-38	8.98E-04	0.0628	0.315	6624.5576	0.49	0
1	1	7186.8493	5.08E-33	1.17E-03	0.0168	0.172	4330.9263	-0.64	-0.01
1	1	7186.8502	6.54E-39	1.01E-02	0.0392	0.281	7462.7534	0.39	0
1	1	7186.8548	8.07E-37	1.39E+00	0.0142	0.172	7587.1807	0.41	0
1	1	7186.85732	4.68E-24	1.43E+00	0.042	0.27	1590.6901	0.22	0
1	1	7186.8784	1.71E-37	4.65E-01	0.0228	0.221	7636.6064	0.38	0
1	1	7186.8808	2.68E-39	4.11E+00	0.0075	0.172	9210.7178	0.41	0
1	1	7186.881213	3.27E-25	1.27E-01	0.0603	0.298	1437.9686	0.48	0
1	1	7186.889033	6.38E-33	5.18E-01	0.0449	0.281	5418.8032	0.41	0
1	2	7186.89229	3.67E-26	2.36E-01	0.0841	0.405	658.61	0.68	0
1	1	7186.8923	1.83E-40	7.37E-03	0.0305	0.221	8417.2607	0.38	0
1	1	7186.8992	8.49E-35	2.22E-03	0.0876	0.412	5033.6807	0.77	0
1	1	7186.9087	1.61E-24	1.48E+00	0.0386	0.333	1590.6908	0.22	-0.01
1	1	7186.9191	1.48E-32	4.26E-01	0.0345	0.208	5280.208	0.38	0
1	1	7186.9207	1.50E-35	1.36E-01	0.0075	0.123	6536.1631	0.41	0
1	1	7186.923443	8.15E-40	3.58E-03	0.0899	0.412	7467.7734	0.81	0
1	1	7186.9245	1.33E-38	1.22E+00	0.0075	0.161	8414.8232	0.41	0
1	1	7186.9257	6.75E-33	3.50E-02	0.0541	0.221	5153.1006	0.38	-0.01
1	1	7186.9264	4.07E-40	1.89E+00	0.0997	0.456	8899.9639	0.68	0
1	1	7186.9388	1.60E-38	1.48E-02	0.0635	0.352	7449.2012	0.2	-0.02
1	1	7186.942653	3.42E-40	2.22E-01	0.0524	0.352	8851.8535	0.04	-0.01
1	1	7186.946637	7.27E-32	5.08E-04	0.0933	0.434	3299.9912	0.79	0
1	1	7186.9467	1.42E-37	4.46E-02	0.0208	0.195	7442.4629	0.41	0
1	1	7186.9532	4.87E-33	1.82E-03	0.0238	0.195	4409.3101	0.41	0
1	1	7186.9581	3.66E-39	6.23E-03	0.0365	0.265	7725.1895	0.37	0
1	1	7186.974	1.37E-34	1.67E-02	0.0028	0.161	5611.2388	0.41	0
1	1	7186.9786	4.73E-38	4.46E-02	0.0208	0.195	7442.4629	0.41	0
1	1	7186.9788	5.68E-40	3.39E-01	0.0155	0.183	8769.0967	0.41	0
1	1	7186.983475	1.58E-39	4.65E-02	0.0524	0.352	8215.9541	0.23	-0.01
1	1	7187.0058	3.37E-39	4.61E-02	0.0122	0.172	8013.9731	0.41	0
1	1	7187.013786	3.41E-34	1.08E-03	0.0097	0.281	4958.9014	0.41	-0.02
1	1	7187.0148	2.85E-40	4.90E+00	0.0075	0.15	9726.7852	0.41	0
1	1	7187.015619	3.90E-36	1.75E-02	0.082	0.315	6407.5034	0.71	-0.01
1	1	7187.0179	4.36E-38	7.34E-04	0.0075	0.15	6654.2578	0.41	0
1	1	7187.0227	2.44E-32	2.12E+00	0.0241	0.208	5733.0684	0.38	0
1	1	7187.0227	8.14E-33	2.12E+00	0.0241	0.208	5733.0684	0.38	0
1	1	7187.0276	2.20E-40	2.27E-02	0.0075	0.123	8474.4395	0.41	0
1	1	7187.0279	4.96E-38	1.92E-01	0.0379	0.25	7667.5835	0.37	0
1	1	7187.038078	3.99E-29	4.09E-02	0.0603	0.298	3058.3984	0.48	0
1	1	7187.0402	1.41E-37	5.52E-04	0.048	0.281	6459.4219	0.39	0
1	1	7187.046616	1.03E-29	6.36E-01	0.0913	0.391	4049.5361	0.78	0
1	1	7187.0542	9.94E-34	5.82E-02	0.0625	0.298	5351.4756	0.41	0
1	1	7187.0548	1.89E-37	1.61E+00	0.012	0.221	8084.7632	0.36	0
1	1	7187.0555	6.29E-38	1.61E+00	0.012	0.221	8084.7632	0.36	0
1	1	7187.069013	3.62E-33	5.90E-02	0.0555	0.281	5105.7295	0.39	-0.02
1	1	7187.070093	1.16E-29	8.11E-02	0.0222	0.195	3567.2544	0.41	-0.02
1	1	7187.0819	1.28E-40	2.62E+00	0.0075	0.172	9518.2959	0.41	0
1	1	7187.086578	1.60E-32	6.67E-02	0.0622	0.281	5034.3872	0.36	-0.01
1	1	7187.0875	4.48E-40	2.32E-03	0.0129	0.235	7727.4771	0.36	0
1	1	7187.0875	1.34E-39	2.32E-03	0.016	0.235	7727.4771	0.36	0
1	1	7187.09218	9.58E-30	2.54E-02	0.0791	0.298	3253.738	0.45	-0.01
1	1	7187.0926	1.50E-35	5.82E-01	0.0227	0.25	6946.8145	0.37	0
1	1	7187.0944	5.01E-36	5.82E-01	0.0228	0.25	6946.8125	0.37	0
1	1	7187.0944	5.66E-38	1.04E-02	0.0116	0.183	7343.1914	0.41	0
1	1	7187.1007	1.93E-36	7.39E-01	0.0839	0.391	7041.9258	0.8	-0.01
1	1	7187.1056	1.02E-36	1.95E-03	0.019	0.221	6342.4619	0.36	0
1	1	7187.1064	1.01E-37	1.12E-02	0.046	0.221	6952.1855	0.36	0
1	2	7187.11162	2.17E-26	2.03E-02	0.101	0.516	134.7831	0.78	-0.01
1	4	7187.13889	7.38E-27	4.50E-02	0.095	0.491	108.9262	0.78	0
1	1	7187.14216	7.16E-29	1.75E+00	0.0893	0.391	3598.5159	0.73	0
1	1	7187.1486	7.96E-34	1.21E-01	0.038	0.265	5581.1743	0.37	0
1	1	7187.1534	5.03E-36	1.72E-01	0.0243	0.265	6694.4995	0.37	0
1	1	7187.158674	5.16E-33	6.69E-01	0.0299	0.333	5475.7559	0.49	0
1	1	7187.1602	1.51E-35	1.72E-01	0.0239	0.265	6694.501	0.37	0
1	1	7187.160773	1.55E-32	6.69E-01	0.0264	0.333	5475.7559	0.49	0
1	1	7187.1683	1.95E-40	1.03E-01	0.0086	0.281	8890.6465	0.39	0
1	1	7187.1686	8.95E-40	3.40E-02	0.0512	0.333	8065.5327	0.25	-0.01
1	1	7187.1705	4.83E-39	1.85E-02	0.0229	0.183	7730.7158	0.41	0.01
1	1	7187.1776	2.77E-35	1.23E+01	0.0164	0.183	7523.1177	0.41	0
1	1	7187.182128	1.31E-33	4.39E-01	0.0254	0.298	5935.8325	0.08	-0.02
1	1	7187.1828	1.67E-36	3.13E-01	0.0242	0.235	7059.9873	0.36	0
1	1	7187.18289	4.38E-34	4.39E-01	0.0283	0.298	5935.8315	0.08	-0.02
1	1	7187.188763	2.88E-37	7.91E-01	0.0738	0.371	7702.7124	0.55	-0.01
1	1	7187.20569	6.86E-25	8.91E+00	0.0803	0.412	2005.917	0.62	-0.01
1	1	7187.2077	1.65E-39	1.92E-02	0.0164	0.208	7947.6431	0.41	0
1	1	7187.207935	8.30E-32	2.95E-02	0.088	0.391	4149.8994	0.69	0
1	1	7187.2091	6.23E-37	6.21E-02	0.0316	0.208	7182.3491	0.38	0
1	1	7187.212889	1.38E-34	6.96E-03	0.0265	0.265	5579.4897	-0.04	-0.02
1	1	7187.217688	5.55E-31	4.61E-01	0.0761	0.315	4436.9404	0.59	-0.01
1	1	7187.220988	3.52E-31	3.24E-02	0.0964	0.434	3935.3447	0.7	-0.01
1	1	7187.221125	5.41E-39	1.50E-02	0.0646	0.352	7448.6211	0.21	-0.02
1	1	7187.2212	1.44E-40	7.35E-03	0.0171	0.265	8391.168	0.39	0
1	1	7187.2213	4.61E-34	1.22E+01	0.0305	0.221	6683.4863	0.38	0
1	4	7187.22401	9.00E-26	7.23E-01	0.0903	0.438	362.5072	0.64	0
1	1	7187.2283	1.97E-33	1.31E-02	0.0791	0.298	4864.4546	0.45	-0.01
1	1	7187.236004	3.35E-36	2.37E-03	0.0823	0.371	6002.2905	0.7	0
1	1	7187.241381	3.18E-35	6.35E-03	0.0585	0.265	5830.2593	0.44	0
1	1	7187.2563	9.44E-39	2.89E-01	0.0075	0.172	8179.3989	0.41	0
1	1	7187.2576	7.47E-39	8.01E-02	0.0075	0.172	8179.0278	0.41	0
1	1	7187.26477	2.21E-26	1.73E-04	0.0821	0.352	782.4098	0.59	0
1	1	7187.2662	6.01E-28	1.05E-03	0.085	0.434	1819.3351	0.77	0
1	1	7187.2687	7.87E-40	4.65E-01	0.0955	0.434	8424.7314	0.75	0
1	1	7187.27142	7.52E-39	2.33E-02	0.081	0.315	7775.6362	0.72	-0.01
1	1	7187.275	1.61E-38	3.08E-01	0.016	0.208	8038.0996	0.38	0
1	1	7187.278864	1.85E-35	1.11E-03	0.0967	0.412	5163.2637	0.72	-0.01
1	1	7187.2827	6.25E-39	5.85E-03	0.0554	0.265	7342.9712	0.39	0
1	1	7187.3038	1.29E-33	2.32E-02	0.0678	0.298	5069.1763	0.67	-0.01
1	1	7187.3122	1.95E-39	1.79E-01	0.0166	0.114	8668.2314	0.41	0
1	1	7187.3123	5.37E-39	1.70E-02	0.0075	0.123	7757.3257	0.41	0
1	1	7187.313	2.23E-39	7.33E-01	0.0494	0.208	8634.8643	0.41	0
1	1	7187.3167	1.14E-36	1.05E+00	0.0217	0.221	7414.5747	0.38	0
1	1	7187.317	1.19E-40	5.29E-03	0.064	0.371	8049.5059	0.59	-0.01
1	1	7187.3181	1.74E-39	3.45E-01	0.0155	0.183	8768.7695	0.41	0
1	4	7187.31956	4.60E-27	1.75E-01	0.0823	0.418	711.7954	0.53	0
1	1	7187.3237	8.21E-39	1.08E-02	0.0449	0.281	7430.8672	0.39	0
1	1	7187.3377	2.09E-40	5.40E-04	0.0432	0.298	7777.9326	0.41	0
1	1	7187.345994	8.88E-30	2.26E-03	0.0746	0.333	2771.6902	0.67	-0.01
1	1	7187.3482	3.15E-40	2.90E-04	0.0166	0.114	7729.146	0.41	0
1	1	7187.3496	5.20E-39	5.54E-01	0.0029	0.221	8604.5088	0.36	0
1	1	7187.3496	1.73E-39	5.54E-01	0.0288	0.221	8604.5088	0.36	0
1	1	7187.3605	8.96E-39	3.86E-03	0.0162	0.183	7495.4941	0.41	0
1	1	7187.3624	3.85E-40	1.02E-02	0.0336	0.265	8030.2197	0.39	0
1	1	7187.3642	1.30E-39	8.00E-01	0.0174	0.195	8776.2158	0.41	0
1	1	7187.366136	1.24E-33	1.62E-02	0.0393	0.315	5229.5786	0.49	-0.02
1	1	7187.3709	1.67E-34	1.25E-01	0.0679	0.333	6061.9067	0.48	-0.01
1	1	7187.3764	3.43E-30	1.97E-01	0.0656	0.265	3959.3909	0.37	0
1	1	7187.379129	4.76E-37	7.15E-04	0.0093	0.131	6400.98	0.41	0
1	1	7187.381774	3.22E-34	2.79E-03	0.0191	0.265	5184.7344	0.39	-0.01
1	1	7187.386	2.27E-40	6.58E-02	0.046	0.221	8584.5957	0.36	0
1	1	7187.3914	2.30E-34	9.87E-02	0.0449	0.281	5761.4443	0.41	0
1	1	7187.3919	2.62E-40	3.56E-02	0.0432	0.298	8593.1904	0.41	0
1	1	7187.396907	2.03E-40	2.33E+00	0.0619	0.371	9191.6592	0.19	-0.01
1	1	7187.4011	1.66E-34	1.40E-01	0.0656	0.265	5918.2734	0.39	0
1	1	7187.407535	1.10E-31	1.63E-02	0.0333	0.183	4432.8599	0.41	-0.01
1	1	7187.426253	1.76E-34	1.93E-01	0.0123	0.15	6318.5552	0.41	0
1	1	7187.4307	2.71E-40	6.13E-01	0.0307	0.25	9219.082	0.36	0
1	1	7187.4372	1.50E-36	1.48E-02	0.0574	0.315	6613.8438	0.45	0
1	1	7187.4398	1.61E-37	5.09E-02	0.0316	0.208	7407.0601	0.38	0
1	1	7187.4457	1.36E-40	8.89E-04	0.0155	0.107	7914.4243	0.41	0
1	1	7187.446267	6.50E-40	8.05E-03	0.0693	0.352	8012.2124	0.44	-0.01
1	1	7187.4501	8.65E-39	2.77E-03	0.0176	0.25	7139.5908	0.37	0
1	1	7187.4501	2.60E-38	2.77E-03	0.0191	0.25	7139.5908	0.37	0
1	1	7187.4504	1.30E-38	2.58E-03	0.0075	0.141	7171.563	0.41	0
1	1	7187.45252	9.32E-40	9.65E-03	0.0697	0.391	7945.9668	0.64	-0.01
1	1	7187.4598	2.13E-40	2.70E-01	0.0249	0.195	9138.5635	0.41	0
1	1	7187.4653	3.90E-39	1.04E-02	0.0316	0.25	7574.6509	0.37	0
1	1	7187.4755	3.46E-40	5.13E-03	0.0483	0.371	8049.3413	0.44	-0.01
1	1	7187.4765	1.29E-40	5.59E-01	0.0746	0.412	9152.6016	0.56	-0.01
1	1	7187.479	1.82E-39	2.00E-01	0.0758	0.298	8549.2842	0.41	0
1	1	7187.4792	2.14E-39	1.07E-02	0.0335	0.183	8000.4351	0.41	0.01
1	1	7187.493384	9.55E-33	3.50E+00	0.0311	0.298	5728.6606	0.41	-0.02
1	1	7187.494944	2.86E-32	3.50E+00	0.0335	0.298	5728.6606	0.41	-0.02
1	1	7187.495553	1.35E-36	7.02E-02	0.0447	0.333	6709.4614	0.49	-0.01
1	1	7187.496076	3.53E-27	5.34E-02	0.0374	0.25	2248.0645	0.37	-0.02
1	1	7187.508774	2.44E-28	5.54E-04	0.0895	0.412	1821.5968	0.69	0
1	1	7187.509	2.11E-36	8.42E-03	0.0622	0.235	6267.9521	0.36	0
1	1	7187.5192	1.26E-40	5.99E-02	0.0191	0.25	8898.0703	0.36	0
1	1	7187.526277	9.04E-34	3.12E-01	0.085	0.391	5749.6626	0.63	0
1	1	7187.5318	1.79E-39	3.70E-01	0.0214	0.208	8528.0488	0.38	0
1	1	7187.5369	4.55E-39	4.25E-02	0.0357	0.235	8103.9565	0.36	0
1	1	7187.5469	8.07E-32	1.11E-01	0.0153	0.208	4665.9048	0.41	0
1	1	7187.54915	1.38E-34	6.08E-03	0.0562	0.281	5293.7905	0.41	-0.02
1	1	7187.556212	1.99E-37	2.15E-04	0.024	0.221	6238.2148	0.36	-0.01
1	1	7187.5578	1.66E-32	1.27E-03	0.0122	0.172	4330.9043	0.41	0
1	1	7187.558877	1.32E-31	4.62E-01	0.0942	0.434	4804.9131	0.73	0
1	1	7187.5655	5.92E-40	1.29E-03	0.0155	0.107	7914.4307	0.41	0
1	1	7187.5668	1.44E-36	1.94E-02	0.0155	0.183	6567.4131	0.41	0
1	1	7187.5754	2.36E-40	6.82E-02	0.033	0.298	8522.0742	0.41	0
1	1	7187.58107	1.31E-31	8.02E-03	0.0756	0.412	3746.7759	0.68	-0.01
1	1	7187.586268	5.21E-35	1.23E-02	0.0514	0.315	5801.5527	0.04	-0.01
1	1	7187.5874	5.05E-39	1.92E-01	0.0075	0.123	8260.0254	0.41	0
1	1	7187.5895	1.13E-40	2.56E+00	0.0476	0.195	9516.8447	0.41	0.01
1	1	7187.590375	5.90E-35	9.51E-02	0.0718	0.371	6171.3374	0.58	-0.01
1	1	7187.60456	5.02E-40	4.42E-02	0.0509	0.352	8215.3252	0.21	-0.01
1	1	7187.616272	1.81E-32	5.49E-01	0.0625	0.298	5442.0977	0.3	-0.02
1	1	7187.6181	4.28E-39	2.24E-01	0.0795	0.371	8082.373	0.83	0
1	1	7187.618782	4.95E-28	1.71E-02	0.0817	0.371	2282.5896	0.64	-0.01
1	1	7187.6263	2.93E-39	1.71E-03	0.029	0.208	7331.4863	0.41	0
1	1	7187.6328	2.45E-37	8.66E-03	0.011	0.195	6992.6274	0.41	0
1	1	7187.639303	3.13E-39	2.12E-03	0.0762	0.371	7188.4106	0.59	-0.01
1	1	7187.6408	6.49E-38	3.99E-03	0.0295	0.25	6800.0161	0.37	0
1	1	7187.641837	4.09E-38	3.80E-02	0.0966	0.412	7096.7222	0.72	0
1	1	7187.656264	2.71E-33	2.47E-04	0.0866	0.391	4095.9199	0.86	0
1	1	7187.659	2.91E-37	4.38E-03	0.0187	0.195	6816.7646	0.41	0
1	1	7187.6648	8.60E-40	8.93E-04	0.0204	0.208	7676.6616	0.41	0
1	1	7187.665002	1.94E-37	5.46E-01	0.0975	0.456	7325.228	0.82	0
1	1	7187.6666	4.72E-33	6.37E-01	0.0812	0.352	5435.4116	0.63	0
1	1	7187.6687	2.17E-34	1.61E-01	0.0142	0.172	5971.0088	0.41	0
1	1	7187.6784	1.08E-34	3.48E-04	0.0646	0.315	4918.3501	0.49	-0.01
1	1	7187.6896	1.42E-31	7.06E-02	0.0362	0.25	4644.0112	0.36	0
1	1	7187.7045	2.13E-33	8.31E-02	0.0226	0.221	5568.4888	0.38	0
1	1	7187.7085	3.03E-40	5.40E-03	0.0536	0.235	8222.8486	0.36	0
1	1	7187.713658	1.05E-36	1.26E-02	0.0961	0.456	6359.0479	0.74	0
1	1	7187.7168	1.92E-39	2.84E-01	0.0686	0.281	8627.2236	0.28	-0.01
1	1	7187.7179	1.58E-37	5.13E+00	0.0155	0.183	8181.5483	0.41	0
1	1	7187.728549	2.17E-36	8.96E+00	0.0928	0.434	7681.293	0.71	0
1	1	7187.736885	2.88E-32	1.57E-02	0.0698	0.352	4553.2734	0.51	-0.01
1	1	7187.7404	7.36E-36	7.27E-02	0.0574	0.315	6613.8438	0.45	0
1	1	7187.7405	7.81E-38	3.64E-02	0.0164	0.183	7523.1177	0.41	0
1	1	7187.7414	1.95E-37	4.00E-03	0.0277	0.25	6799.9175	0.37	0
1	1	7187.7468	4.06E-39	1.57E-02	0.0164	0.208	7947.603	0.41	0
1	1	7187.7486	1.02E-40	5.04E-02	0.0249	0.195	8707.2148	0.41	0
1	2	7187.75315	1.11E-26	2.23E-02	0.0684	0.4	645.3825	0.5	0
1	1	7187.7621	6.03E-37	7.26E-04	0.0765	0.371	5885.7627	0.59	0
1	1	7187.7697	2.62E-40	3.42E-01	0.0125	0.265	9090.8936	0.37	0
1	1	7187.776576	7.66E-32	2.24E-02	0.0796	0.333	4173.2256	0.56	0
1	1	7187.7853	1.22E-36	7.55E+00	0.0815	0.412	7805.6304	0.49	0
1	1	7187.7889	3.15E-39	3.70E+00	0.0343	0.333	8748.5137	0.03	-0.01
1	1	7187.7913	1.17E-39	1.12E-02	0.0075	0.172	8166.6201	0.41	0
1	1	7187.7956	9.45E-39	3.70E+00	0.0312	0.333	8748.5049	0.03	-0.01
1	1	7187.8122	2.05E-38	1.23E+00	0.0295	0.25	8457.6641	0.37	0
1	1	7187.8133	3.06E-38	6.29E-02	0.0426	0.195	7828.6753	0.41	0
1	1	7187.8369	6.67E-36	1.18E-01	0.0239	0.265	6558.9131	0.37	0
1	1	7187.837613	1.49E-39	3.68E-03	0.0856	0.371	7680.9268	0.59	0
1	1	7187.8397	6.83E-39	1.23E+00	0.0277	0.25	8457.6396	0.37	0
1	1	7187.8458	1.21E-36	5.94E-02	0.0265	0.221	6784.6616	0.36	0
1	1	7187.848	9.32E-40	1.96E-03	0.0117	0.195	7606.7891	0.41	0
1	1	7187.8509	3.89E-40	1.44E-01	0.075	0.333	8533.416	0.49	-0.01
1	1	7187.8533	3.38E-40	4.07E-03	0.0166	0.114	8032.3838	0.41	0
1	1	7187.8578	2.28E-33	9.72E+00	0.0337	0.235	6520.6973	0.36	0
1	1	7187.8668	2.23E-34	5.00E-03	0.0399	0.281	5153.585	0.41	0
1	1	7187.88276	3.42E-30	5.43E-02	0.086	0.371	3736.1709	0.62	-0.01
1	1	7187.887139	6.97E-37	1.45E-04	0.011	0.161	5947.3062	0.41	0
1	1	7187.8943	5.84E-39	5.96E-02	0.0075	0.172	8179.0278	0.41	0
1	1	7187.8965	2.14E-37	3.19E+00	0.0553	0.371	7795.0986	0.29	-0.01
1	1	7187.9038	4.83E-36	3.02E-01	0.0242	0.235	7059.8633	0.36	0
1	1	7187.9079	2.41E-35	1.23E-01	0.0075	0.161	6379.3291	0.41	0
1	1	7187.9097	1.02E-38	4.39E-01	0.0204	0.221	8191.8013	0.36	0
1	1	7187.91723	5.29E-33	5.06E-03	0.0771	0.371	4387.2349	0.74	-0.01
1	1	7187.925938	1.21E-32	3.08E+00	0.0872	0.391	5686.1802	0.8	0
1	1	7187.9265	6.40E-37	3.19E+00	0.0537	0.371	7795.0684	0.29	-0.01
1	1	7187.929205	3.76E-31	4.44E-04	0.0292	0.208	3439.3069	0.41	-0.02
1	1	7187.936658	2.72E-30	5.41E-01	0.08	0.371	4290.7568	0.61	0
1	1	7187.9448	4.06E-39	1.23E-01	0.0588	0.315	8039.4209	0.45	0
1	1	7187.9509	4.26E-40	1.45E-02	0.0248	0.281	8308.4043	0.41	0
1	1	7187.9517	4.19E-39	1.37E-03	0.0116	0.183	7234.8887	0.41	0
1	1	7187.959007	1.15E-33	7.88E-02	0.0902	0.412	5457.3696	0.63	0
1	1	7187.9647	6.01E-39	7.48E-04	0.0155	0.183	7025.6143	0.41	0
1	1	7187.976655	6.65E-38	4.26E-02	0.0879	0.412	7112.6396	0.77	0
1	1	7187.9816	2.40E-31	1.10E-01	0.0153	0.208	4665.8975	0.41	0
1	1	7187.982627	2.11E-31	3.62E-02	0.0729	0.352	4033.6145	0.46	-0.01
1	1	7187.988	1.01E-33	6.06E-04	0.069	0.352	4572.5039	0.71	0
